CodigoEscola,NomeEscola,Diretoria,Distrito,Nível Socioeconômico (INSE),Indicador de Complexidade de Gestão (ICG),Faixa,IDEP2018,IDEP2019,IDEP2019META,IDEP2020META,IDEP2021META,IDEP2022META,IDEP2023META,Latitude,Longitude
191,EMEF ALIPIO CORREA NETO,BUTANTA,VILA SONIA,3.0,1.0,1.0,5.5,4.9,5.7,5.9,6.1,6.3,6.5,-23.5950563,-46.7321349
264,EMEF SYLVIO HECK ALMIRANTE,SANTO AMARO,PEDREIRA,3.0,1.0,1.0,4.5,4.0,4.7,4.9,5.1,5.4,5.6,-22.7411989,-46.8959302
477,EMEF EDA TEREZINHA CHICA MEDEIROS PROFA,BUTANTA,RAPOSO TAVARES,3.0,1.0,1.0,4.8,4.3,5.0,5.2,5.5,5.7,5.9,-23.5921729,-46.7665401
8842,EMEF SEBASTIAO FRANCISCO O NEGRO,ITAQUERA,PARQUE DO CARMO,3.0,1.0,1.0,4.9,4.8,5.1,5.3,5.5,5.8,6.0,-23.5707667,-46.4765663
10049,EMEF CHICO FALCONE PADRE,SAO MIGUEL,VILA CURUCA,3.0,1.0,1.0,4.6,4.7,4.8,5.0,5.3,5.5,5.7,-23.5097018,-46.4167385
10111,EMEF MARIO SCHONBERG PROF,SANTO AMARO,PEDREIRA,3.0,1.0,1.0,5.0,5.4,5.2,5.4,5.6,5.8,6.0,-22.7411989,-46.8959302
11533,EMEF FRANCISCO DA SILVEIRA BUENO PROF,IPIRANGA,SAO LUCAS,3.0,1.0,1.0,3.7,3.2,4.0,4.2,4.5,4.8,5.1,-23.5865182,-46.535209
12688,EMEF ULYSSES DA SILVEIRA GUIMARAES,CAPELA DO SOCORRO,PARELHEIROS,3.0,1.0,1.0,4.7,4.9,5.0,5.2,5.4,5.6,5.9,-23.8029124,-46.7344591
14583,EMEF FLAVIO AUGUSTO ROSA PROF,SAO MIGUEL,JARDIM HELENA,3.0,1.0,1.0,4.9,4.0,5.1,5.3,5.5,5.7,6.0,-23.4794677,-46.4212929
15024,EMEF CAIO SERGIO POMPEU DE TOLEDO,GUAIANASES,CIDADE TIRADENTES,3.0,1.0,1.0,4.4,3.8,4.7,4.9,5.1,5.4,5.6,-23.6036926,-46.4001216
16497,EMEF FERNANDO GRACIOSO,PIRITUBA,PERUS,3.0,1.0,1.0,4.6,4.1,4.8,5.1,5.3,5.5,5.7,-23.4070915,-46.7584771
16527,EMEF CLAUDIA BARTOLOMAZI PROFA,GUAIANASES,CIDADE TIRADENTES,3.0,1.0,1.0,5.0,4.4,5.2,5.5,5.7,5.9,6.1,-23.6036926,-46.4001216
19011,EMEF LINO DE MATTOS SENADOR,SAO MIGUEL,VILA JACUI,3.0,1.0,1.0,5.2,5.6,5.4,5.7,5.9,6.1,6.4,-23.5008776,-46.4545037
19046,EMEF CELIA REGINA LEKEVICIUS CONSOLIN PROFA,JACANA/TREMEMBE,VILA MARIA,3.0,1.0,1.0,4.9,4.4,5.1,5.3,5.6,5.8,6.0,-23.5175587,-46.5890875
19196,EMEF LILIANE VERZINI SILVA,SANTO AMARO,CIDADE ADEMAR,3.0,1.0,1.0,5.3,4.6,5.5,5.7,5.9,6.1,6.3,-23.6708586,-46.6566541
19217,EMEF RECANTO DOS HUMILDES,PIRITUBA,PERUS,3.0,1.0,1.0,5.3,4.5,5.5,5.7,5.9,6.2,6.4,-23.4070915,-46.7584771
19221,EMEF JARDIM DAS LARANJEIRAS,SAO MATEUS,IGUATEMI,3.0,1.0,1.0,5.4,4.8,5.6,5.8,6.0,6.2,6.4,-23.6181007,-46.4171299
19232,EMEF FAZENDA DA JUTA,SAO MATEUS,SAPOPEMBA,3.0,1.0,1.0,4.5,3.9,4.8,5.0,5.2,5.4,5.7,-23.5748884,-46.5240488
19249,EMEF DAISY AMADIO FUJIWARA,BUTANTA,RAPOSO TAVARES,3.0,1.0,1.0,4.6,3.9,4.8,5.0,5.2,5.5,5.7,-23.5921729,-46.7665401
19266,CEU EMEF MENINOS,IPIRANGA,SACOMA,3.0,1.0,1.0,5.1,4.5,5.3,5.5,5.7,6.0,6.2,-23.6149954,-46.5969541
19267,EMEF MARIA RITA DE CASSIA P SIMOES BRAGA PROFA,CAMPO LIMPO,CAPAO REDONDO,3.0,1.0,1.0,4.4,4.9,4.6,4.9,5.2,5.4,5.7,-23.6684611,-46.7689719
19275,EMEF FRANCISCO REBOLO,CAMPO LIMPO,VILA ANDRADE,3.0,1.0,1.0,4.9,5.0,5.1,5.3,5.5,5.7,6.0,-23.6315085,-46.7367426
19283,EMEF JOSE BLOTA JUNIOR DEPUTADO,CAMPO LIMPO,JARDIM ANGELA,3.0,1.0,1.0,4.6,4.2,4.8,5.1,5.3,5.5,5.8,-23.7027975,-46.7691878
19305,EMEF JOAO DA SILVA,CAPELA DO SOCORRO,GRAJAU,3.0,1.0,1.0,5.1,4.1,5.3,5.5,5.7,5.9,6.2,-23.7721939,-46.6682948
19322,EMEF CITY JARAGUA IV,PIRITUBA,JARAGUA,3.0,1.0,1.0,4.9,4.1,5.2,5.4,5.6,5.9,6.1,-23.4574972,-46.743813
19347,EMEF JARDIM DA CONQUISTA,PIRITUBA,PERUS,3.0,1.0,1.0,5.1,4.7,5.3,5.5,5.7,5.9,6.1,-23.4070915,-46.7584771
19349,EMEF JARDIM DAMACENO I,FREGUESIA/BRASILANDIA,BRASILANDIA,3.0,1.0,1.0,4.5,4.2,4.7,5.0,5.2,5.4,5.7,-23.4703331,-46.6899783
19350,EMEF JOSE HERMINIO RODRIGUES CORONEL PM,FREGUESIA/BRASILANDIA,BRASILANDIA,3.0,1.0,1.0,4.8,4.3,5.0,5.2,5.4,5.7,5.9,-23.4703331,-46.6899783
19384,CEU EMEF PARAISOPOLIS,CAMPO LIMPO,VILA ANDRADE,3.0,1.0,1.0,4.3,3.8,4.5,4.7,5.0,5.2,5.5,-23.6315085,-46.7367426
19388,EMEF ANTONIO CARLOS ROCHA PROF,PENHA,PENHA,3.0,1.0,1.0,4.7,3.4,4.9,5.1,5.3,5.5,5.8,-23.5258058,-46.5488813
19389,CEU EMEF PARQUE ANHANGUERA,PIRITUBA,ANHANGUERA,3.0,1.0,1.0,4.8,5.1,5.0,5.2,5.5,5.7,5.9,-23.4378791,-46.7932803
19390,CEU EMEF JAGUARE,PIRITUBA,JAGUARE,3.0,1.0,1.0,4.1,3.8,4.3,4.6,4.8,5.0,5.3,-23.5449509,-46.7469898
19401,EMEF JARDIM FONTALIS,JACANA/TREMEMBE,TREMEMBE,3.0,1.0,1.0,4.7,4.7,4.9,5.1,5.3,5.5,5.7,-23.4598631,-46.6254738
19406,EMEF CONSTELACAO DO INDIO,CAPELA DO SOCORRO,GRAJAU,3.0,1.0,1.0,4.8,4.7,5.1,5.3,5.5,5.7,6.0,-23.7721939,-46.6682948
19409,EMEF IZABEL APARECIDA CRISTOVAO DA LUZ PROFA,SAO MIGUEL,ITAIM PAULISTA,3.0,1.0,1.0,4.5,4.9,4.7,4.9,5.2,5.4,5.6,-23.4691053,-46.4036655
19412,EMEF BADRA,PIRITUBA,PERUS,3.0,1.0,1.0,4.2,5.3,4.5,4.7,4.9,5.2,5.4,-23.4070915,-46.7584771
19414,EMEF MOISES ELIAS DE SOUZA TENENTE,PIRITUBA,JARAGUA,3.0,1.0,1.0,4.6,5.0,4.8,5.1,5.3,5.5,5.8,-23.4574972,-46.743813
19416,EMEF VILA MUNCK,BUTANTA,RAPOSO TAVARES,3.0,1.0,1.0,5.6,5.7,5.7,5.9,6.1,6.3,6.5,-23.5921729,-46.7665401
19417,EMEF JARDIM PAULO VI,BUTANTA,RAPOSO TAVARES,3.0,1.0,1.0,4.0,4.7,4.3,4.5,4.8,5.0,5.3,-23.5921729,-46.7665401
19422,EMEF M BOI MIRIM I,CAMPO LIMPO,JARDIM SAO LUIS,3.0,1.0,1.0,5.0,5.1,5.2,5.4,5.6,5.8,6.1,-23.6513756,-46.7330562
19424,EMEF M BOI MIRIM III,CAMPO LIMPO,JARDIM ANGELA,3.0,1.0,1.0,4.6,4.4,4.8,5.1,5.3,5.5,5.8,-23.7027975,-46.7691878
19427,EMEF HERCILIA DE CAMPOS COSTA,IPIRANGA,SACOMA,3.0,1.0,1.0,4.8,5.0,5.1,5.3,5.5,5.8,6.0,-23.6149954,-46.5969541
19433,EMEF JOSEFA NICACIO ARAUJO. PROFA.,SAO MIGUEL,ITAIM PAULISTA,3.0,1.0,1.0,4.7,4.9,4.9,5.1,5.4,5.6,5.9,-23.4691053,-46.4036655
19434,EMEF CAMPO LIMPO II,CAMPO LIMPO,CAPAO REDONDO,3.0,1.0,1.0,4.4,4.2,4.6,4.8,5.1,5.3,5.5,-23.6684611,-46.7689719
19447,EMEF CONJUNTO HABITACINAL SITIO CONCEICAO II,GUAIANASES,CIDADE TIRADENTES,3.0,1.0,1.0,4.7,4.0,4.9,5.2,5.4,5.6,5.8,-23.6036926,-46.4001216
19456,EMEF HELINA COUTINHO LOURENCO ALVES. PROFESSORA,GUAIANASES,CIDADE TIRADENTES,3.0,1.0,1.0,5.1,5.0,5.3,5.5,5.8,6.0,6.3,-23.6036926,-46.4001216
19460,EMEF JARDIM RODOLFO PIRANI I,SAO MATEUS,SAO RAFAEL,3.0,1.0,1.0,4.3,5.5,4.6,4.8,5.0,5.3,5.5,-23.6292891,-46.4596566
19462,EMEF EMEF PROFESSORA LILIAN MASO,FREGUESIA/BRASILANDIA,BRASILANDIA,3.0,1.0,1.0,4.8,4.6,5.0,5.3,5.5,5.7,5.9,-23.4703331,-46.6899783
19466,EMEF EMEF PERIMETRAL,CAMPO LIMPO,VILA ANDRADE,3.0,1.0,1.0,4.5,4.2,4.7,5.0,5.2,5.4,5.6,-23.6315085,-46.7367426
19476,EMEF MARIA APARECIDA DO NASCIMENTO. PROFA.,GUAIANASES,CIDADE TIRADENTES,3.0,1.0,1.0,4.8,4.6,5.1,5.3,5.5,5.7,5.9,-23.6036926,-46.4001216
19551,EMEF CESAR ARRUDA CASTANHO,BUTANTA,RAPOSO TAVARES,3.0,1.0,1.0,4.4,4.6,4.7,4.9,5.1,5.4,5.6,-23.5921729,-46.7665401
19691,EMEF MARIO COVAS GOVERNADOR,ITAQUERA,JOSE BONIFACIO,3.0,1.0,1.0,5.4,5.1,5.6,5.8,6.0,6.2,6.4,-21.0531219,-49.6795917
92622,EMEF ARLINDO CAETANO FILHO PROF,SAO MATEUS,SAPOPEMBA,3.0,1.0,1.0,4.7,4.5,4.9,5.1,5.4,5.6,5.9,-23.5748884,-46.5240488
92801,EMEF IBRAHIM NOBRE,BUTANTA,RIO PEQUENO,3.0,1.0,1.0,4.0,4.2,4.3,4.6,4.9,5.1,5.4,-23.5644876,-46.7539347
92827,EMEF ALVARO SILVA BRAGA GAL,BUTANTA,RIO PEQUENO,3.0,1.0,1.0,4.2,4.4,4.5,4.8,5.1,5.4,5.7,-23.5644876,-46.7539347
92843,EMEF ROBERTO MANGE PROF,BUTANTA,RIO PEQUENO,3.0,1.0,1.0,3.9,3.8,4.2,4.5,4.8,5.1,5.4,-23.5644876,-46.7539347
92860,EMEF MARIO MOURA ALBUQUERQUE BEL,CAMPO LIMPO,JARDIM SAO LUIS,3.0,1.0,1.0,4.5,4.6,4.7,5.0,5.2,5.5,5.7,-23.6513756,-46.7330562
93025,EMEF PALIMERCIO DE REZENDE CORONEL,CAMPO LIMPO,CAMPO LIMPO,3.0,1.0,1.0,4.7,4.4,4.9,5.1,5.4,5.6,5.9,-23.6347959,-46.7549902
93106,EMEF DILERMANDO DIAS DOS SANTOS,PIRITUBA,VILA LEOPOLDINA,3.0,1.0,1.0,4.6,4.5,4.9,5.1,5.4,5.7,5.9,-23.5324298,-46.7335886
93238,EMEF ANTENOR NASCENTES,SANTO AMARO,CAMPO GRANDE,3.0,1.0,1.0,4.7,4.4,5.0,5.2,5.5,5.7,6.0,-23.6780897,-46.6872368
93467,EMEF DANYLO JOSE FERNANDES,ITAQUERA,CIDADE LIDER,3.0,1.0,1.0,4.3,4.0,4.5,4.8,5.0,5.3,5.5,-23.5578353,-46.476182
93645,EMEF MAURICIO GOULART,GUAIANASES,CIDADE TIRADENTES,3.0,1.0,1.0,4.2,4.7,4.5,4.7,5.0,5.2,5.5,-23.6036926,-46.4001216
93653,EMEF WLADIMIR HERZOG,GUAIANASES,CIDADE TIRADENTES,3.0,1.0,1.0,4.9,4.6,5.1,5.3,5.5,5.7,6.0,-23.6036926,-46.4001216
93874,EMEF JOSE AMERICO DE ALMEIDA,SAO MIGUEL,JARDIM HELENA,3.0,1.0,1.0,5.2,5.5,5.4,5.6,5.8,6.0,6.2,-23.4794677,-46.4212929
94277,EMEF JOAO AMOS COMENIUS,FREGUESIA/BRASILANDIA,BRASILANDIA,3.0,1.0,1.0,3.7,3.5,3.9,4.2,4.5,4.7,5.0,-23.4703331,-46.6899783
94315,EMEF PEDRO AMERICO,FREGUESIA/BRASILANDIA,FREGUESIA DO O,3.0,1.0,1.0,4.5,3.7,4.7,4.9,5.2,5.4,5.7,-23.5014967,-46.6977016
94331,EMEF HUMBERTO DANTAS,FREGUESIA/BRASILANDIA,LIMAO,3.0,1.0,1.0,4.0,3.9,4.2,4.5,4.7,5.0,5.3,-23.507445,-46.6717412
94374,CEU EMEF TEOTONIO VILELA SENADOR,FREGUESIA/BRASILANDIA,BRASILANDIA,3.0,1.0,1.0,4.0,4.7,4.3,4.5,4.7,5.0,5.2,-23.4703331,-46.6899783
94471,EMEF LUIZ DAVID SOBRINHO PROF,PIRITUBA,JARAGUA,3.0,1.0,1.0,4.5,4.4,4.7,5.0,5.3,5.6,5.8,-23.4574972,-46.743813
94544,EMEF RUI BLOEM,PIRITUBA,SAO DOMINGOS,3.0,1.0,1.0,4.6,4.6,4.9,5.1,5.4,5.6,5.8,-23.5043386,-46.7433611
94641,EMEF INFANTE DOM HENRIQUE,PENHA,PARI,3.0,1.0,1.0,4.8,4.6,5.0,5.3,5.5,5.7,5.9,-23.5271138,-46.6114203
94722,EMEF JOAO RAMOS,JACANA/TREMEMBE,TREMEMBE,3.0,1.0,1.0,4.6,4.3,4.9,5.1,5.4,5.6,5.9,-23.4598631,-46.6254738
94803,EMEF ARY GOMES CORONEL,JACANA/TREMEMBE,VILA MARIA,3.0,1.0,1.0,4.0,3.9,4.2,4.5,4.8,5.1,5.3,-23.5175587,-46.5890875
94862,EMEF ALBERTO SANTOS DUMONT,JACANA/TREMEMBE,VILA MEDEIROS,3.0,1.0,1.0,4.0,3.8,4.2,4.5,4.8,5.0,5.3,-23.4892554,-46.5845224
94889,EMEF ANTONIO SANT'ANA GALVAO FREI,JACANA/TREMEMBE,JACANA,3.0,1.0,1.0,3.8,3.5,4.0,4.3,4.6,4.8,5.1,-23.4671208,-46.5714143
95176,EMEF JOSE LINS DO REGO,SAO MATEUS,SAO MATEUS,3.0,1.0,1.0,4.6,4.1,4.8,5.0,5.2,5.5,5.7,-23.6018021,-46.4708268
95222,EMEF ARY PARREIRAS ALMIRANTE,SANTO AMARO,JABAQUARA,3.0,1.0,1.0,3.9,3.5,4.1,4.4,4.6,4.9,5.1,-23.6396479,-46.6505173
95320,EMEF IRINEU MARINHO,IPIRANGA,VILA PRUDENTE,3.0,1.0,1.0,4.4,4.3,4.6,4.8,5.0,5.3,5.5,-23.5790136,-46.5797561
95354,EMEF GENERAL OSORIO,IPIRANGA,VILA PRUDENTE,3.0,1.0,1.0,5.1,4.4,5.3,5.5,5.7,6.0,6.2,-23.5790136,-46.5797561
95427,EMEF ALVARES DE AZEVEDO,IPIRANGA,SAO LUCAS,3.0,1.0,1.0,5.1,5.9,5.3,5.6,5.8,6.0,6.2,-23.5865182,-46.535209
95443,EMEF HENRIQUE MELEGA PROF,SAO MATEUS,SAPOPEMBA,3.0,1.0,1.0,5.2,4.6,5.4,5.6,5.9,6.1,6.3,-23.5748884,-46.5240488
95478,EMEF FLORES DA CUNHA DEPUTADO,SAO MATEUS,SAPOPEMBA,3.0,1.0,1.0,4.8,4.5,5.0,5.3,5.5,5.7,5.9,-23.5748884,-46.5240488
95508,EMEF BRASILIO MACHADO NETO,SAO MATEUS,SAPOPEMBA,3.0,1.0,1.0,4.1,3.8,4.3,4.6,4.9,5.1,5.4,-23.5748884,-46.5240488
95524,EMEF VINICIUS DE MORAES,SAO MATEUS,SAPOPEMBA,3.0,1.0,1.0,4.6,4.2,4.8,5.1,5.3,5.5,5.7,-23.5748884,-46.5240488
95591,EMEF IVETE VARGAS DEPUTADA,SAO MATEUS,SAPOPEMBA,3.0,1.0,1.0,4.4,4.8,4.6,4.9,5.1,5.4,5.6,-23.5748884,-46.5240488
95613,EMEF PAULO DUARTE,SAO MATEUS,SAPOPEMBA,3.0,1.0,1.0,5.2,5.6,5.4,5.6,5.9,6.1,6.3,-23.5748884,-46.5240488
97063,EMEF ANTONIO PEREIRA IGNACIO,GUAIANASES,CIDADE TIRADENTES,3.0,1.0,1.0,4.5,4.2,4.8,5.0,5.2,5.4,5.7,-23.6036926,-46.4001216
97705,EMEF AURELIANO LEITE,GUAIANASES,CIDADE TIRADENTES,3.0,1.0,1.0,5.0,5.1,5.2,5.5,5.7,5.9,6.1,-23.6036926,-46.4001216
97721,EMEF JOSE AUGUSTO CESAR SALGADO DR,GUAIANASES,CIDADE TIRADENTES,3.0,1.0,1.0,4.6,4.7,4.8,5.0,5.3,5.5,5.8,-23.6036926,-46.4001216
99287,EMEF VIANNA MOOG,BUTANTA,VILA SONIA,3.0,1.0,1.0,4.6,4.4,4.9,5.1,5.3,5.6,5.8,-23.5950563,-46.7321349
99678,EMEF MALLET MARECHAL,ITAQUERA,JOSE BONIFACIO,3.0,1.0,1.0,5.1,4.6,5.3,5.5,5.7,5.9,6.2,-21.0531219,-49.6795917
99783,EMEF GERALDO SESSO JUNIOR,FREGUESIA/BRASILANDIA,BRASILANDIA,3.0,1.0,1.0,4.6,4.1,4.8,5.0,5.3,5.5,5.8,-23.4703331,-46.6899783
311,EMEF ANTONIO ALVES DA SILVA SARGENTO,CAMPO LIMPO,CAPAO REDONDO,3.0,2.0,2.0,4.8,5.1,5.0,5.2,5.5,5.7,5.9,-23.6684611,-46.7689719
540,EMEF RAUL POMPEIA,PIRITUBA,JARAGUA,3.0,2.0,2.0,4.2,3.9,4.5,4.7,5.0,5.2,5.5,-23.4574972,-46.743813
9971,EMEF LUIZ GONZAGA DO NASCIMENTO,IPIRANGA,SACOMA,3.0,2.0,2.0,5.3,5.0,5.5,5.7,5.9,6.2,6.4,-23.6149954,-46.5969541
10120,EMEF CARLOS AUGUSTO DE QUEIROZ ROCHA,SANTO AMARO,CIDADE ADEMAR,3.0,2.0,2.0,4.5,4.2,4.8,5.0,5.3,5.5,5.8,-23.6708586,-46.6566541
10146,EMEF MARIA RITA LOPES PONTES - IRMA DULCE,CAMPO LIMPO,CAPAO REDONDO,3.0,2.0,2.0,4.9,4.1,5.1,5.3,5.5,5.8,6.0,-23.6684611,-46.7689719
11924,EMEF MARIA ALICE BORGES GHION PROFA,BUTANTA,RAPOSO TAVARES,3.0,2.0,2.0,5.3,4.7,5.5,5.7,5.9,6.1,6.3,-23.5921729,-46.7665401
12874,EMEF BENEDITO DE JESUS B LAURINDO PE BATISTA,SAO MATEUS,SAPOPEMBA,3.0,2.0,2.0,4.4,4.6,4.6,4.9,5.1,5.4,5.7,-23.5748884,-46.5240488
13528,EMEF ANNA LAMBERGA ZEGLIO VEREADORA,GUAIANASES,CIDADE TIRADENTES,3.0,2.0,2.0,4.4,4.1,4.6,4.9,5.1,5.3,5.6,-23.6036926,-46.4001216
13803,EMEF JULIO DE GRAMMONT,SAO MATEUS,SAO RAFAEL,3.0,2.0,2.0,4.0,3.8,4.3,4.5,4.8,5.0,5.3,-23.6292891,-46.4596566
15440,EMEF EUZEBIO ROCHA FILHO,SAO MIGUEL,VILA CURUCA,3.0,2.0,2.0,5.0,4.4,5.2,5.4,5.6,5.9,6.1,-23.5097018,-46.4167385
16519,EMEFM RUBENS PAIVA,SAO MATEUS,SAPOPEMBA,3.0,2.0,2.0,4.8,3.9,5.0,5.3,5.5,5.7,6.0,-23.5748884,-46.5240488
16713,EMEF ANNA SILVEIRA PEDREIRA,CAMPO LIMPO,JARDIM SAO LUIS,3.0,2.0,2.0,5.4,5.1,5.6,5.8,6.0,6.2,6.4,-23.6513756,-46.7330562
17973,EMEF MAILSON DELANE,GUAIANASES,CIDADE TIRADENTES,3.0,2.0,2.0,3.9,3.7,4.2,4.4,4.7,5.0,5.2,-23.6036926,-46.4001216
17981,EMEF PERICLES EUGENIO DA SILVA RAMOS,IPIRANGA,IPIRANGA,3.0,2.0,2.0,4.3,3.8,4.5,4.8,5.0,5.3,5.6,-23.5880611,-46.6040369
18830,EMEF PAULO FREIRE PROF,CAMPO LIMPO,VILA ANDRADE,3.0,2.0,2.0,4.4,4.6,4.7,5.0,5.3,5.6,5.9,-23.6315085,-46.7367426
19020,EMEF JAIRO DE ALMEIDA PROF,PIRITUBA,PERUS,3.0,2.0,2.0,4.5,5.3,4.7,5.0,5.2,5.4,5.6,-23.4070915,-46.7584771
19195,EMEF JOSE KAUFFMANN DR,PIRITUBA,JARAGUA,3.0,2.0,2.0,4.4,4.8,4.6,4.9,5.1,5.4,5.6,-23.4574972,-46.743813
19216,EMEF THEREZA MACIEL DE PAULA PROFA,SAO MATEUS,SAO RAFAEL,3.0,2.0,2.0,4.5,5.1,4.8,5.0,5.2,5.5,5.7,-23.6292891,-46.4596566
19218,EMEF JARDIM MONTE BELO,PIRITUBA,ANHANGUERA,3.0,2.0,2.0,5.3,5.2,5.5,5.7,5.9,6.2,6.4,-23.4378791,-46.7932803
19220,EMEF MARIO LAGO,PIRITUBA,JARAGUA,3.0,2.0,2.0,4.2,4.4,4.4,4.7,4.9,5.2,5.4,-23.4574972,-46.743813
19222,EMEF VEREMUNDO TOTH DOM,CAMPO LIMPO,VILA ANDRADE,3.0,2.0,2.0,4.1,4.7,4.3,4.5,4.8,5.1,5.3,-23.6315085,-46.7367426
19223,EMEF PARQUE DAS FLORES,SAO MATEUS,SAO RAFAEL,3.0,2.0,2.0,4.7,4.8,5.0,5.2,5.4,5.6,5.8,-23.6292891,-46.4596566
19224,EMEF JARDIM BRITANIA,PIRITUBA,ANHANGUERA,3.0,2.0,2.0,5.0,5.4,5.3,5.5,5.7,6.0,6.2,-23.4378791,-46.7932803
19251,EMEF CASARAO,CAMPO LIMPO,VILA ANDRADE,3.0,2.0,2.0,4.2,3.7,4.4,4.7,5.0,5.3,5.5,-23.6315085,-46.7367426
19264,CEU EMEF INACIO MONTEIRO,GUAIANASES,CIDADE TIRADENTES,3.0,2.0,2.0,4.3,4.2,4.6,4.8,5.1,5.3,5.6,-23.6036926,-46.4001216
19277,CEU EMEF VILA ATLANTICA,PIRITUBA,SAO DOMINGOS,3.0,2.0,2.0,5.0,4.1,5.2,5.4,5.6,5.9,6.1,-23.5043386,-46.7433611
19383,CEU EMEF CAPAO REDONDO,CAMPO LIMPO,CAPAO REDONDO,3.0,2.0,2.0,4.8,4.8,5.0,5.3,5.5,5.8,6.1,-23.6684611,-46.7689719
19402,EMEF ZILKA SALABERRY DE CARVALHO,FREGUESIA/BRASILANDIA,CACHOEIRINHA,3.0,2.0,2.0,5.0,4.7,5.2,5.4,5.6,5.9,6.1,-23.4644478,-46.6553487
19480,EMEF ABRAO HUCK. DR.,IPIRANGA,SACOMA,3.0,2.0,2.0,4.6,4.8,4.8,5.0,5.3,5.5,5.8,-23.6149954,-46.5969541
19488,EMEF PAULO CARNEIRO THOMAZ ALVES GENERAL,JACANA/TREMEMBE,VILA MARIA,3.0,2.0,2.0,3.8,3.4,4.1,4.3,4.6,4.8,5.1,-23.5175587,-46.5890875
19674,EMEF JARDIM ELIANA,CAPELA DO SOCORRO,GRAJAU,3.0,2.0,2.0,4.8,4.0,5.0,5.2,5.4,5.7,5.9,-23.7721939,-46.6682948
87319,EMEF THEODOMIRO MONTEIRO DO AMARAL PROF,CAMPO LIMPO,CAPAO REDONDO,3.0,2.0,2.0,4.6,4.6,4.9,5.1,5.3,5.5,5.7,-23.6684611,-46.7689719
92681,EMEF JOSE DE ALCANTARA MACHADO FO,BUTANTA,MORUMBI,3.0,2.0,2.0,3.6,3.3,3.9,4.2,4.5,4.8,5.0,-23.5978856,-46.7201808
92789,EMEF LUIZ EDUARDO MATARAZZO CONDE,BUTANTA,RIO PEQUENO,3.0,2.0,2.0,4.7,4.4,4.9,5.2,5.4,5.7,5.9,-23.5644876,-46.7539347
92819,EMEF BRASIL JAPAO,BUTANTA,RIO PEQUENO,3.0,2.0,2.0,4.1,4.7,4.3,4.6,4.8,5.1,5.4,-23.5644876,-46.7539347
92886,EMEF OLIVEIRA VIANA,CAMPO LIMPO,JARDIM ANGELA,3.0,2.0,2.0,4.7,5.0,4.9,5.1,5.4,5.6,5.8,-23.7027975,-46.7691878
92932,EMEF JORGE AMERICANO PROF,CAMPO LIMPO,CAPAO REDONDO,3.0,2.0,2.0,4.3,4.0,4.5,4.7,5.0,5.2,5.5,-23.6684611,-46.7689719
92959,EMEF IRACEMA MARQUES SILVEIRA PROFA,CAMPO LIMPO,CAPAO REDONDO,3.0,2.0,2.0,5.0,4.6,5.2,5.5,5.7,5.9,6.2,-23.6684611,-46.7689719
92975,EMEF OTONIEL MOTA,CAMPO LIMPO,JARDIM SAO LUIS,3.0,2.0,2.0,4.4,4.9,4.6,4.9,5.1,5.4,5.7,-23.6513756,-46.7330562
92983,EMEF PROCOPIO FERREIRA,CAMPO LIMPO,JARDIM SAO LUIS,3.0,2.0,2.0,4.4,4.1,4.7,4.9,5.1,5.4,5.6,-23.6513756,-46.7330562
92991,EMEF AIRTON ARANTES RIBEIRO PROF.,CAMPO LIMPO,JARDIM SAO LUIS,3.0,2.0,2.0,5.7,4.8,5.9,6.1,6.3,6.5,6.7,-23.6513756,-46.7330562
93068,EMEF ZULMIRA CAVALHEIRO FAUSTINO,CAMPO LIMPO,CAMPO LIMPO,3.0,2.0,2.0,4.8,5.1,5.0,5.2,5.5,5.7,5.9,-23.6347959,-46.7549902
93084,EMEF DE GAULLE GENERAL,CAMPO LIMPO,JARDIM SAO LUIS,3.0,2.0,2.0,4.4,4.1,4.6,4.9,5.1,5.4,5.7,-23.6513756,-46.7330562
93246,EMEF MANOEL CARLOS F FERRAZ DESEMBARGADOR,SANTO AMARO,PEDREIRA,3.0,2.0,2.0,4.6,4.4,4.8,5.1,5.3,5.6,5.8,-22.7411989,-46.8959302
93394,EMEF TEODOMIRO TOLEDO PIZA DESEMBARGADOR,CAPELA DO SOCORRO,GRAJAU,3.0,2.0,2.0,4.9,4.7,5.1,5.3,5.6,5.8,6.1,-23.7721939,-46.6682948
93548,EMEF SATURNINO PEREIRA,GUAIANASES,CIDADE TIRADENTES,3.0,2.0,2.0,4.1,4.4,4.4,4.7,4.9,5.2,5.5,-23.6036926,-46.4001216
93882,EMEF JOSE BENTO DE ASSIS PROF,SAO MIGUEL,JARDIM HELENA,3.0,2.0,2.0,4.8,4.3,5.0,5.3,5.5,5.7,5.9,-23.4794677,-46.4212929
93891,EMEF ARMANDO CRIDEY RIGHETTI,SAO MIGUEL,JARDIM HELENA,3.0,2.0,2.0,4.2,3.7,4.4,4.7,4.9,5.2,5.5,-23.4794677,-46.4212929
94145,EMEF EDGARD CAVALHEIRO,PENHA,CANGAIBA,3.0,2.0,2.0,5.0,4.3,5.2,5.4,5.7,5.9,6.2,-23.5050496,-46.5270936
94200,EMEF MILTOM CAMPOS SENADOR,FREGUESIA/BRASILANDIA,BRASILANDIA,3.0,2.0,2.0,4.0,4.3,4.2,4.5,4.8,5.1,5.3,-23.4703331,-46.6899783
94218,EMEF ANDRE RODRIGUES ALCKMIN PROF,FREGUESIA/BRASILANDIA,BRASILANDIA,3.0,2.0,2.0,4.6,4.3,4.8,5.1,5.3,5.6,5.8,-23.4703331,-46.6899783
94269,EMEF CASTRO ALVES,FREGUESIA/BRASILANDIA,BRASILANDIA,3.0,2.0,2.0,4.0,4.4,4.3,4.6,4.8,5.1,5.3,-23.4703331,-46.6899783
94293,EMEF OSVALDO QUIRINO SIMOES,FREGUESIA/BRASILANDIA,CACHOEIRINHA,3.0,2.0,2.0,4.4,4.5,4.6,4.9,5.1,5.4,5.6,-23.4644478,-46.6553487
94340,EMEF AROLDO DE AZEVEDO PROF,FREGUESIA/BRASILANDIA,LIMAO,3.0,2.0,2.0,3.8,3.8,4.0,4.3,4.5,4.8,5.1,-23.507445,-46.6717412
94382,EMEF CECILIA MORAES DE VASCONCELOS PROFA,FREGUESIA/BRASILANDIA,BRASILANDIA,3.0,2.0,2.0,4.5,4.4,4.8,5.0,5.2,5.5,5.7,-23.4703331,-46.6899783
94447,EMEF RENATO ANTONIO CHECCHIA PROF,PIRITUBA,PIRITUBA,3.0,2.0,2.0,4.0,4.0,4.2,4.5,4.8,5.2,5.5,-23.4791158,-46.7418047
94463,EMEF LEONEL FRANCA PADRE,PIRITUBA,JARAGUA,3.0,2.0,2.0,4.0,4.3,4.3,4.6,4.8,5.1,5.4,-23.4574972,-46.743813
94498,EMEF CANDIDO PORTINARI,PIRITUBA,PERUS,3.0,2.0,2.0,5.1,4.7,5.3,5.5,5.7,6.0,6.2,-23.4070915,-46.7584771
94625,EMEF DUQUE DE CAXIAS,IPIRANGA,SE,3.0,2.0,2.0,4.1,3.9,4.3,4.6,4.9,5.1,5.4,-23.5528487,-46.630715
94633,EMEF CELSO LEITE RIBEIRO FO,IPIRANGA,BELA VISTA,3.0,2.0,2.0,5.3,5.2,5.5,5.7,5.9,6.1,6.4,-23.5554048,-46.6456426
94731,EMEF ESMERALDA SALLES PEREIRA RAMOS PROFA,JACANA/TREMEMBE,TREMEMBE,3.0,2.0,2.0,5.0,4.4,5.2,5.4,5.6,5.9,6.1,-23.4598631,-46.6254738
94811,EMEF ROMAO GOMES CORONEL,JACANA/TREMEMBE,VILA MARIA,3.0,2.0,2.0,4.2,4.3,4.4,4.7,4.9,5.2,5.4,-23.5175587,-46.5890875
94854,EMEF ENEAS CARVALHO AGUIAR,JACANA/TREMEMBE,VILA MEDEIROS,3.0,2.0,2.0,4.4,4.5,4.6,4.9,5.2,5.4,5.7,-23.4892554,-46.5845224
94978,EMEF EURICO GASPAR DUTRA MAL,IPIRANGA,CURSINO,3.0,2.0,2.0,4.3,5.0,4.6,4.8,5.1,5.4,5.7,-23.6029915,-46.6255389
94994,EMEF OLAVO FONTOURA,IPIRANGA,SACOMA,3.0,2.0,2.0,5.2,4.3,5.4,5.7,5.9,6.1,6.3,-23.6149954,-46.5969541
95044,EMEF CAMPOS SALLES PRES,IPIRANGA,SACOMA,3.0,2.0,2.0,4.7,4.3,4.9,5.1,5.4,5.6,5.8,-23.6149954,-46.5969541
95061,EMEF FRANCISCO MEIRELLES DESEMBARGADOR,IPIRANGA,IPIRANGA,3.0,2.0,2.0,5.5,4.9,5.7,5.9,6.1,6.3,6.5,-23.5880611,-46.6040369
95141,EMEF VICENTINA RIBEIRO DA LUZ,ITAQUERA,ARICANDUVA,3.0,2.0,2.0,4.9,4.3,5.1,5.4,5.6,5.9,6.1,-23.5795193,-46.5110261
95249,EMEF HABIB CARLOS KYRILLOS DR,SANTO AMARO,CIDADE ADEMAR,3.0,2.0,2.0,4.9,5.0,5.1,5.4,5.6,5.9,6.1,-23.6708586,-46.6566541
95257,EMEF ANTONIO DE SAMPAIO DORIA PROF,SANTO AMARO,CIDADE ADEMAR,3.0,2.0,2.0,4.2,4.1,4.4,4.7,5.0,5.2,5.5,-23.6708586,-46.6566541
95494,EMEF ARMANDO DE SALLES OLIVEIRA,SAO MATEUS,SAPOPEMBA,3.0,2.0,2.0,4.6,4.3,4.9,5.1,5.3,5.5,5.8,-23.5748884,-46.5240488
95575,EMEF CIDADE DE OSAKA,SAO MATEUS,SAO RAFAEL,3.0,2.0,2.0,4.7,5.5,4.9,5.2,5.5,5.7,6.0,-23.6292891,-46.4596566
95605,EMEF VILANOVA ARTIGAS ARQUITETO,SAO MATEUS,SAPOPEMBA,3.0,2.0,2.0,4.7,4.5,4.9,5.2,5.4,5.6,5.9,-23.5748884,-46.5240488
19208,EMEF LUIZ ROBERTO MEGA PROF,GUAIANASES,CIDADE TIRADENTES,4.0,1.0,3.0,4.1,4.4,4.3,4.5,4.8,5.0,5.3,-23.6036926,-46.4001216
19269,CEU EMEF PARQUE SAO CARLOS,SAO MIGUEL,VILA JACUI,4.0,1.0,3.0,4.1,4.4,4.3,4.6,4.8,5.0,5.3,-23.5008776,-46.4545037
12157,EMEF ELIAS SHAMMASS,GUAIANASES,CIDADE TIRADENTES,4.0,1.0,3.0,4.1,4.3,4.4,4.6,4.8,5.1,5.3,-23.6036926,-46.4001216
19607,EMEF ANTONIO RODRIGUES DE CAMPOS PROF,PIRITUBA,JARAGUA,4.0,1.0,3.0,4.2,4.3,4.4,4.7,4.9,5.1,5.4,-23.4574972,-46.743813
19262,CEU EMEF BUTANTA,BUTANTA,RIO PEQUENO,4.0,1.0,3.0,4.2,4.2,4.4,4.7,4.9,5.1,5.4,-23.5644876,-46.7539347
19496,EMEF PLINIO MARCOS,CAPELA DO SOCORRO,PARELHEIROS,4.0,1.0,3.0,4.2,3.5,4.5,4.7,4.9,5.2,5.4,-23.8029124,-46.7344591
19443,EMEF CONJUNTO HABITACIONAL BARRO BRANCO II C,GUAIANASES,CIDADE TIRADENTES,4.0,1.0,3.0,4.3,4.7,4.5,4.7,5.0,5.2,5.4,-23.6036926,-46.4001216
97055,EMEF JUSCELINO KUBITSCHEK DE OLIVEIRA PRES,GUAIANASES,GUAIANASES,4.0,1.0,3.0,4.3,4.3,4.5,4.7,5.0,5.2,5.5,-23.5766073,-46.409769
10405,EMEF NILDO DO AMARAL JUNIOR PADRE,SAO MIGUEL,ITAIM PAULISTA,4.0,1.0,3.0,4.3,3.9,4.5,4.7,5.0,5.2,5.5,-23.4691053,-46.4036655
19503,EMEF JARDIM BARTIRA,SAO MIGUEL,VILA CURUCA,4.0,1.0,3.0,4.3,4.4,4.5,4.8,5.0,5.2,5.5,-23.5097018,-46.4167385
19341,EMEF JARDIM GUARANI,FREGUESIA/BRASILANDIA,BRASILANDIA,4.0,1.0,3.0,4.3,4.3,4.5,4.8,5.0,5.2,5.5,-23.4703331,-46.6899783
19420,EMEF MARIA LUCIA DOS SANTOS PROFA,SANTO AMARO,CIDADE ADEMAR,4.0,1.0,3.0,4.3,3.9,4.6,4.8,5.0,5.3,5.5,-23.6708586,-46.6566541
19405,EMEF GILBERTO DUPAS PROFESSOR,FREGUESIA/BRASILANDIA,CACHOEIRINHA,4.0,1.0,3.0,4.4,4.1,4.6,4.8,5.1,5.3,5.5,-23.4644478,-46.6553487
93556,EMEF FELICIO PAGLIUSO PROF,SAO MATEUS,IGUATEMI,4.0,1.0,3.0,4.4,4.0,4.6,4.9,5.1,5.3,5.6,-23.6181007,-46.4171299
14249,EMEF ERNESTO DE MORAES LEME PROF,PIRITUBA,JARAGUA,4.0,1.0,3.0,4.4,4.2,4.6,4.9,5.1,5.3,5.6,-23.4574972,-46.743813
93718,EMEF ANTONIO DUARTE ALMEIDA PROF,ITAQUERA,ITAQUERA,4.0,1.0,3.0,4.4,4.5,4.7,4.9,5.1,5.4,5.6,-23.5349948,-46.454023
19492,EMEF EMEF PERATUBA II,CAMPO LIMPO,JARDIM ANGELA,4.0,1.0,3.0,4.5,4.6,4.7,4.9,5.1,5.4,5.6,-23.7027975,-46.7691878
19372,EMEF CHACARA SONHO AZUL,CAMPO LIMPO,JARDIM ANGELA,4.0,1.0,3.0,4.5,4.3,4.7,4.9,5.1,5.4,5.6,-23.7027975,-46.7691878
19487,EMEF CHACARA TURISTICA,PIRITUBA,JARAGUA,4.0,1.0,3.0,4.5,4.8,4.7,4.9,5.1,5.4,5.6,-23.4574972,-46.743813
93602,EMEF RODRIGO MELLO F ANDRADE,SAO MATEUS,SAO MATEUS,4.0,1.0,3.0,4.5,4.5,4.7,4.9,5.1,5.4,5.6,-23.6018021,-46.4708268
93734,EMEF ANTONIO CARLOS DE ANDRADA E SILVA,SAO MIGUEL,VILA JACUI,4.0,1.0,3.0,4.5,5.1,4.7,4.9,5.1,5.4,5.6,-23.5008776,-46.4545037
10171,EMEF ALDO RIBEIRO LUZ PROF,PIRITUBA,JARAGUA,4.0,1.0,3.0,4.5,4.2,4.7,5.0,5.2,5.4,5.6,-23.4574972,-46.743813
95532,EMEF RODRIGUES DE CARVALHO,SAO MATEUS,SAPOPEMBA,4.0,1.0,3.0,4.5,4.2,4.7,5.0,5.2,5.4,5.7,-23.5748884,-46.5240488
19219,EMEF ENZO ANTONIO SILVESTRIN PROF,PIRITUBA,JARAGUA,4.0,1.0,3.0,4.5,3.8,4.8,5.0,5.2,5.4,5.7,-23.4574972,-46.743813
19454,EMEF VILA PRUDENTE III,SAO MATEUS,SAPOPEMBA,4.0,1.0,3.0,4.5,4.6,4.8,5.0,5.2,5.4,5.7,-23.5748884,-46.5240488
13510,EMEF OLINDA MENEZES VIDAL PROFA,GUAIANASES,CIDADE TIRADENTES,4.0,1.0,3.0,4.6,5.3,4.8,5.0,5.2,5.5,5.7,-23.6036926,-46.4001216
19394,EMEF MORRO GRANDE,FREGUESIA/BRASILANDIA,FREGUESIA DO O,4.0,1.0,3.0,4.6,4.3,4.8,5.0,5.2,5.5,5.7,-23.5014967,-46.6977016
93491,EMEF ARTUR NEIVA,ITAQUERA,JOSE BONIFACIO,4.0,1.0,3.0,4.6,4.2,4.8,5.0,5.2,5.5,5.7,-21.0531219,-49.6795917
94242,EMEF ANTONIO PRUDENTE PROF,FREGUESIA/BRASILANDIA,BRASILANDIA,4.0,1.0,3.0,4.6,4.8,4.8,5.0,5.2,5.5,5.7,-23.4703331,-46.6899783
99325,EMEF BENEDITO MONTENEGRO PROF,SAO MATEUS,IGUATEMI,4.0,1.0,3.0,4.6,4.3,4.8,5.0,5.2,5.5,5.7,-23.6181007,-46.4171299
19457,EMEF MARIA APARECIDA MAGNANELLI FERNANDES PROFA,GUAIANASES,CIDADE TIRADENTES,4.0,1.0,3.0,4.6,4.6,4.8,5.0,5.2,5.5,5.7,-23.6036926,-46.4001216
94366,EMEF GARCIA D'AVILA COMANDANTE,FREGUESIA/BRASILANDIA,CASA VERDE,4.0,1.0,3.0,4.6,4.5,4.8,5.0,5.3,5.5,5.7,-23.5109881,-46.6574419
92754,EMEF ALCIDES GONCALVES ETCHEGOYEN GAL,BUTANTA,RAPOSO TAVARES,4.0,1.0,3.0,4.6,4.5,4.8,5.0,5.3,5.5,5.7,-23.5921729,-46.7665401
19369,CEU EMEF LAJEADO,GUAIANASES,LAJEADO,4.0,1.0,3.0,4.6,5.0,4.8,5.0,5.3,5.5,5.7,-23.5261382,-46.430396
94188,EMEF JOANINHA GRASSI FAGUNDES PROFA,FREGUESIA/BRASILANDIA,FREGUESIA DO O,4.0,1.0,3.0,4.6,4.7,4.8,5.0,5.3,5.5,5.7,-23.5014967,-46.6977016
19228,EMEF JOSE PEGORARO PADRE,CAPELA DO SOCORRO,GRAJAU,4.0,1.0,3.0,4.6,4.3,4.8,5.0,5.3,5.5,5.7,-23.7721939,-46.6682948
15431,EMEF ERNANI SILVA BRUNO,PIRITUBA,JARAGUA,4.0,1.0,3.0,4.6,4.1,4.8,5.1,5.3,5.5,5.7,-23.4574972,-46.743813
93513,EMEF JOAO DE LIMA PAIVA PROF,GUAIANASES,LAJEADO,4.0,1.0,3.0,4.6,4.3,4.8,5.1,5.3,5.5,5.7,-23.5261382,-46.430396
95010,EMEF CASSIANO RICARDO,IPIRANGA,SACOMA,4.0,1.0,3.0,4.6,5.0,4.8,5.1,5.3,5.5,5.8,-23.6149954,-46.5969541
93530,EMEF JOANA ANGELICA JESUS MADRE,GUAIANASES,GUAIANASES,4.0,1.0,3.0,4.6,4.5,4.9,5.1,5.3,5.5,5.8,-23.5766073,-46.409769
19336,CEU EMEF VILA RUBI,CAPELA DO SOCORRO,CIDADE DUTRA,4.0,1.0,3.0,4.7,5.0,4.9,5.1,5.3,5.5,5.8,-23.7116038,-46.7039001
19335,CEU EMEF FEITICO DA VILA,CAMPO LIMPO,CAPAO REDONDO,4.0,1.0,3.0,4.7,4.5,4.9,5.1,5.3,5.6,5.8,-23.6684611,-46.7689719
19367,CEU EMEF TRES PONTES,SAO MIGUEL,JARDIM HELENA,4.0,1.0,3.0,4.7,4.7,4.9,5.1,5.3,5.6,5.8,-23.4794677,-46.4212929
18511,EMEF CARLOS CORREA MASCARO PROF,SAO MATEUS,IGUATEMI,4.0,1.0,3.0,4.7,5.0,4.9,5.1,5.3,5.6,5.8,-23.6181007,-46.4171299
19337,CEU EMEF JACANA,JACANA/TREMEMBE,TREMEMBE,4.0,1.0,3.0,4.7,4.6,4.9,5.1,5.4,5.6,5.8,-23.4598631,-46.6254738
93661,EMEF OCTAVIO MANGABEIRA,PENHA,ERMELINO MATARAZZO,4.0,1.0,3.0,4.7,4.6,4.9,5.1,5.4,5.6,5.8,-23.4697051,-46.472079
19373,CEU EMEF CAMINHO DO MAR,SANTO AMARO,JABAQUARA,4.0,1.0,3.0,4.7,3.8,4.9,5.1,5.4,5.6,5.8,-23.6396479,-46.6505173
93262,EMEF ISABEL VIEIRA FERREIRA PROFA,SANTO AMARO,PEDREIRA,4.0,1.0,3.0,4.7,4.3,4.9,5.1,5.4,5.6,5.8,-22.7411989,-46.8959302
93793,EMEF JOSE DE ANCHIETA PADRE,SAO MIGUEL,SAO MIGUEL,4.0,1.0,3.0,4.7,4.5,4.9,5.1,5.4,5.6,5.8,-23.4929958,-46.437535
95567,EMEF ALCEU AMOROSO LIMA,SAO MATEUS,SAO RAFAEL,4.0,1.0,3.0,4.7,4.4,4.9,5.1,5.4,5.6,5.8,-23.6292891,-46.4596566
19241,EMEF HELIO TAVARES DR,SAO MIGUEL,ITAIM PAULISTA,4.0,1.0,3.0,4.7,4.7,4.9,5.2,5.4,5.6,5.8,-23.4691053,-46.4036655
93432,EMEF CORREIA DE MELLO BRIGADEIRO,ITAQUERA,CIDADE LIDER,4.0,1.0,3.0,4.7,4.1,4.9,5.2,5.4,5.6,5.8,-23.5578353,-46.476182
93726,EMEF PEDRO TEIXEIRA,SAO MIGUEL,VILA JACUI,4.0,1.0,3.0,4.7,5.3,4.9,5.2,5.4,5.6,5.8,-23.5008776,-46.4545037
99651,EMEF JOSE HONORIO RODRIGUES,SAO MIGUEL,VILA CURUCA,4.0,1.0,3.0,4.7,5.8,4.9,5.2,5.4,5.6,5.8,-23.5097018,-46.4167385
92738,EMEF TARSILA DO AMARAL,BUTANTA,VILA SONIA,4.0,1.0,3.0,4.7,4.2,4.9,5.2,5.4,5.6,5.8,-23.5950563,-46.7321349
94676,EMEF ADOLPHO OTTO DE LAET PROF,JACANA/TREMEMBE,SANTANA,4.0,1.0,3.0,4.7,4.8,5.0,5.2,5.4,5.6,5.8,-23.4989957,-46.6255918
19395,EMEF CONJUNTO HABITACIONAL VILA NOVA CACHOEIRINHA,FREGUESIA/BRASILANDIA,CACHOEIRINHA,4.0,1.0,3.0,4.8,5.1,5.0,5.2,5.4,5.6,5.9,-23.4644478,-46.6553487
94757,EMEF MARECHAL RONDON,JACANA/TREMEMBE,TREMEMBE,4.0,1.0,3.0,4.8,5.6,5.0,5.2,5.4,5.6,5.9,-23.4598631,-46.6254738
94285,EMEF RAUL DE LEONI,JACANA/TREMEMBE,MANDAQUI,4.0,1.0,3.0,4.8,5.1,5.0,5.2,5.4,5.6,5.9,-23.4820871,-46.6258906
94226,EMEF RAUL FERNANDES EMBAIXADOR,FREGUESIA/BRASILANDIA,BRASILANDIA,4.0,1.0,3.0,4.8,4.7,5.0,5.2,5.4,5.6,5.9,-23.4703331,-46.6899783
19225,EMEF WANDA OVIDIO GONCALVES PROFA,SAO MIGUEL,ITAIM PAULISTA,4.0,1.0,3.0,4.8,4.6,5.0,5.2,5.4,5.7,5.9,-23.4691053,-46.4036655
19413,EMEF ELIANE BENUTE LESSA AYRES GONCALVES. PROFESSORA- NANY BENUTE,PIRITUBA,JARAGUA,4.0,1.0,3.0,4.8,5.3,5.0,5.2,5.4,5.7,5.9,-23.4574972,-46.743813
19423,EMEF M' BOI MIRIM II,CAMPO LIMPO,JARDIM SAO LUIS,4.0,1.0,3.0,4.8,4.8,5.0,5.2,5.4,5.7,5.9,-23.6513756,-46.7330562
99589,EMEF PEDRO NAVA,BUTANTA,RIO PEQUENO,4.0,1.0,3.0,4.8,4.2,5.0,5.2,5.4,5.7,5.9,-23.5644876,-46.7539347
94919,EMEF LOURENCO FILHO,JACANA/TREMEMBE,JACANA,4.0,1.0,3.0,4.8,4.7,5.0,5.2,5.4,5.7,5.9,-23.4671208,-46.5714143
19410,EMEF MURURES,SAO MIGUEL,JARDIM HELENA,4.0,1.0,3.0,4.8,4.6,5.0,5.2,5.4,5.7,5.9,-23.4794677,-46.4212929
92967,EMEF LEVY DE AZEVEDO SODRE PROF,CAMPO LIMPO,CAMPO LIMPO,4.0,1.0,3.0,4.8,4.0,5.0,5.2,5.4,5.7,5.9,-23.6347959,-46.7549902
92703,EMEF THEODOMIRO DIAS DESEMBARGADOR,BUTANTA,VILA SONIA,4.0,1.0,3.0,4.8,4.6,5.0,5.2,5.5,5.7,5.9,-23.5950563,-46.7321349
10103,EMEF FRANCISCO ALVES MENDES FO CHICO MENDES,ITAQUERA,CIDADE LIDER,4.0,1.0,3.0,4.8,4.5,5.0,5.2,5.5,5.7,5.9,-23.5578353,-46.476182
17523,EMEF CLOTILDE ROSA HENRIQUES ELIAS PROFA,ITAQUERA,JOSE BONIFACIO,4.0,1.0,3.0,4.8,5.0,5.0,5.3,5.5,5.7,5.9,-21.0531219,-49.6795917
93998,EMEF ABRAO DE MORAES,PENHA,ARTUR ALVIM,4.0,1.0,3.0,4.8,5.8,5.0,5.3,5.5,5.7,5.9,-23.5459648,-46.4689542
19455,EMEF JARDIM AUREA,GUAIANASES,CIDADE TIRADENTES,4.0,1.0,3.0,4.8,4.7,5.0,5.3,5.5,5.7,5.9,-23.6036926,-46.4001216
93564,EMEF JOAQUIM OSORIO DUQUE ESTRADA,SAO MATEUS,IGUATEMI,4.0,1.0,3.0,4.8,5.6,5.1,5.3,5.5,5.7,5.9,-23.6181007,-46.4171299
19272,CEU EMEF PERUS,PIRITUBA,PERUS,4.0,1.0,3.0,4.8,4.6,5.1,5.3,5.5,5.7,5.9,-23.4070915,-46.7584771
19415,EMEF ALICE MEIRELLES REIS PROOFESSORA,PIRITUBA,JARAGUA,4.0,1.0,3.0,4.8,4.5,5.1,5.3,5.5,5.7,5.9,-23.4574972,-46.743813
94871,EMEF JULIO MARCONDES SALGADO GENERAL,JACANA/TREMEMBE,JACANA,4.0,1.0,3.0,4.8,4.2,5.1,5.3,5.5,5.7,5.9,-23.4671208,-46.5714143
94064,EMEF 8 DE MAIO,ITAQUERA,ITAQUERA,4.0,1.0,3.0,4.9,4.6,5.1,5.3,5.5,5.7,5.9,-23.5349948,-46.454023
93858,EMEF MARIA IMILDA DO SANTISSIMO SACRAMENTO MADRE,SAO MIGUEL,VILA CURUCA,4.0,1.0,3.0,4.9,4.7,5.1,5.3,5.5,5.7,5.9,-23.5097018,-46.4167385
19505,EMEF CRIUVA,SAO MIGUEL,SAO MIGUEL,4.0,1.0,3.0,4.9,5.1,5.1,5.3,5.5,5.7,5.9,-23.4929958,-46.437535
94692,EMEF MARCILIO DIAS,FREGUESIA/BRASILANDIA,CACHOEIRINHA,4.0,1.0,3.0,4.9,4.3,5.1,5.3,5.5,5.7,6.0,-23.4644478,-46.6553487
94161,EMEF NILO PECANHA PRESIDENTE,FREGUESIA/BRASILANDIA,FREGUESIA DO O,4.0,1.0,3.0,4.9,5.1,5.1,5.3,5.5,5.7,6.0,-23.5014967,-46.6977016
95192,EMEF GUIMARAES ROSA,ITAQUERA,CARRAO,4.0,1.0,3.0,4.9,3.6,5.1,5.3,5.5,5.7,6.0,-23.5506296,-46.5382913
19143,EMEF JOSE QUERINO RIBEIRO,ITAQUERA,CIDADE LIDER,4.0,1.0,3.0,4.9,4.2,5.1,5.3,5.5,5.7,6.0,-23.5578353,-46.476182
9148,EMEF ALEXANDRE VANNUCHI LEME,GUAIANASES,CIDADE TIRADENTES,4.0,1.0,3.0,4.9,4.7,5.1,5.3,5.5,5.7,6.0,-23.6036926,-46.4001216
19431,EMEF PARQUE REGINA,CAMPO LIMPO,CAMPO LIMPO,4.0,1.0,3.0,4.9,4.4,5.1,5.3,5.5,5.8,6.0,-23.6347959,-46.7549902
108,EMEF JOSE ERMIRIO DE MORAIS SENADOR,SAO MIGUEL,JARDIM HELENA,4.0,1.0,3.0,4.9,4.6,5.1,5.3,5.5,5.8,6.0,-23.4794677,-46.4212929
15130,EMEF JULIO CESAR DE MELO E SOUSA MALBA TAHAN,ITAQUERA,ITAQUERA,4.0,1.0,3.0,4.9,4.7,5.1,5.3,5.5,5.8,6.0,-23.5349948,-46.454023
14699,EMEF ANTONIO D'AVILA PROF,GUAIANASES,CIDADE TIRADENTES,4.0,1.0,3.0,4.9,4.8,5.1,5.3,5.5,5.8,6.0,-23.6036926,-46.4001216
93807,EMEF JOAO AUGUSTO BREVES DR,SAO MIGUEL,SAO MIGUEL,4.0,1.0,3.0,4.9,5.0,5.1,5.3,5.5,5.8,6.0,-23.4929958,-46.437535
94951,EMEF SHIRLEY GUIO PROFA,JACANA/TREMEMBE,VILA MEDEIROS,4.0,1.0,3.0,4.9,4.8,5.1,5.3,5.6,5.8,6.0,-23.4892554,-46.5845224
12939,EMEF JOSE OLYMPIO PEREIRA FILHO,CAMPO LIMPO,CAPAO REDONDO,4.0,1.0,3.0,4.9,4.3,5.1,5.4,5.6,5.8,6.0,-23.6684611,-46.7689719
19400,EMEF DAMA ENTRE RIOS VERDES,SAO MIGUEL,VILA CURUCA,4.0,1.0,3.0,4.9,4.5,5.1,5.4,5.6,5.8,6.0,-23.5097018,-46.4167385
94838,EMEF DOM PEDRO I,JACANA/TREMEMBE,VILA MARIA,4.0,1.0,3.0,5.0,4.7,5.2,5.4,5.6,5.8,6.0,-23.5175587,-46.5890875
95168,EMEF ACHILLES DE OLIVEIRA RIBEIRO DESEMBARGADOR,SAO MATEUS,SAO MATEUS,4.0,1.0,3.0,5.0,4.5,5.2,5.4,5.6,5.8,6.0,-23.6018021,-46.4708268
94412,EMEF GABRIEL PRESTES PROF,PIRITUBA,PIRITUBA,4.0,1.0,3.0,5.0,4.3,5.2,5.4,5.6,5.8,6.0,-23.4791158,-46.7418047
19260,CEU EMEF ALVARENGA,SANTO AMARO,PEDREIRA,4.0,1.0,3.0,5.0,3.5,5.2,5.4,5.6,5.8,6.0,-22.7411989,-46.8959302
19506,EMEF MILTON PEREIRA COSTA,SAO MIGUEL,VILA JACUI,4.0,1.0,3.0,5.0,4.7,5.2,5.4,5.6,5.8,6.0,-23.5008776,-46.4545037
485,EMEF ASSAD ABDALA,PENHA,VILA MATILDE,4.0,1.0,3.0,5.0,5.5,5.2,5.4,5.6,5.8,6.0,-23.5377214,-46.5256464
95516,EMEF HERALDO BARBUY,SAO MATEUS,SAPOPEMBA,4.0,1.0,3.0,5.0,4.8,5.2,5.4,5.6,5.8,6.0,-23.5748884,-46.5240488
95028,EMEF JOSE DO PATROCINIO,IPIRANGA,SACOMA,4.0,1.0,3.0,5.0,4.6,5.2,5.4,5.6,5.8,6.1,-23.6149954,-46.5969541
93114,EMEF ANIBAL FREIRE MINISTRO,PIRITUBA,VILA LEOPOLDINA,4.0,1.0,3.0,5.0,4.6,5.2,5.4,5.6,5.8,6.1,-23.5324298,-46.7335886
94714,EMEF NOE AZEVEDO PROF,JACANA/TREMEMBE,TREMEMBE,4.0,1.0,3.0,5.0,4.9,5.2,5.4,5.6,5.8,6.1,-23.4598631,-46.6254738
93386,EMEF JOAQUIM BENTO A LIMA NETO,CAPELA DO SOCORRO,GRAJAU,4.0,1.0,3.0,5.0,4.6,5.2,5.4,5.6,5.8,6.1,-23.7721939,-46.6682948
19585,EMEF WLADIMIR DE TOLEDO PIZA PREFEITO,SAO MATEUS,IGUATEMI,4.0,1.0,3.0,5.0,4.7,5.2,5.4,5.6,5.8,6.1,-23.6181007,-46.4171299
93297,EMEF PLACIDO DE CASTRO,CAPELA DO SOCORRO,SOCORRO,4.0,1.0,3.0,5.0,4.8,5.2,5.4,5.6,5.8,6.1,-22.5905906,-46.5282973
19421,EMEF TAJAL,CAMPO LIMPO,CAPAO REDONDO,4.0,1.0,3.0,5.0,4.7,5.2,5.4,5.6,5.9,6.1,-23.6684611,-46.7689719
19386,CEU EMEF MARIA APARECIDA DE SOUZA CAMPOS PROFA,ITAQUERA,VILA FORMOSA,4.0,1.0,3.0,5.0,5.8,5.2,5.4,5.6,5.9,6.1,-23.5671856,-46.5437922
94781,EMEF RUY BARBOSA,JACANA/TREMEMBE,VILA GUILHERME,4.0,1.0,3.0,5.0,5.0,5.2,5.4,5.6,5.9,6.1,-23.5144031,-46.6074484
93157,EMEF CHIQUINHA RODRIGUES DONA,SANTO AMARO,CAMPO BELO,4.0,1.0,3.0,5.0,5.4,5.2,5.4,5.6,5.9,6.1,-23.6220296,-46.6720199
19194,EMEF PEDRO GERALDO SCHUNCK,CAPELA DO SOCORRO,PARELHEIROS,4.0,1.0,3.0,5.0,5.0,5.2,5.4,5.6,5.9,6.1,-23.8029124,-46.7344591
19425,EMEF CDHU JARDIM IGUATEMI,SAO MATEUS,IGUATEMI,4.0,1.0,3.0,5.0,5.7,5.2,5.4,5.6,5.9,6.1,-23.6181007,-46.4171299
97047,EMEF EDUCANDARIO DOM DUARTE EMEF ANEXA AO,BUTANTA,RAPOSO TAVARES,4.0,1.0,3.0,5.0,5.4,5.2,5.4,5.6,5.9,6.1,-23.5921729,-46.7665401
94986,EMEF SYLVIA MARTIN PIRES PROFA,IPIRANGA,SACOMA,4.0,1.0,3.0,5.0,5.4,5.2,5.4,5.7,5.9,6.1,-23.6149954,-46.5969541
19385,CEU EMEF PARQUE BRISTOL,IPIRANGA,SACOMA,4.0,1.0,3.0,5.0,4.7,5.2,5.4,5.7,5.9,6.1,-23.6149954,-46.5969541
93211,EMEF JOAO GUALBERTO A CARVALHO,SANTO AMARO,CAMPO GRANDE,4.0,1.0,3.0,5.0,5.0,5.2,5.4,5.7,5.9,6.1,-23.6780897,-46.6872368
19351,EMEF MARILI DIAS PROFA,PIRITUBA,ANHANGUERA,4.0,1.0,3.0,5.0,4.8,5.2,5.4,5.7,5.9,6.1,-23.4378791,-46.7932803
94048,EMEF ANTONIO VIEIRA PADRE,PENHA,ARTUR ALVIM,4.0,1.0,3.0,5.0,4.9,5.2,5.4,5.7,5.9,6.1,-23.5459648,-46.4689542
95206,EMEF CALOGERAS MINISTRO,SANTO AMARO,CAMPO BELO,4.0,1.0,3.0,5.0,4.0,5.2,5.5,5.7,5.9,6.1,-23.6220296,-46.6720199
99350,EMEF 22 DE MARCO,CAMPO LIMPO,CAMPO LIMPO,4.0,1.0,3.0,5.0,4.5,5.2,5.5,5.7,5.9,6.1,-23.6347959,-46.7549902
94510,EMEF HENRIQUE RAYMUNDO DYOTT FONTENELLE BRIG,PIRITUBA,JARAGUA,4.0,1.0,3.0,5.0,4.4,5.3,5.5,5.7,5.9,6.1,-23.4574972,-46.743813
95451,EMEF VISCONDE DE TAUNAY,SAO MATEUS,SAPOPEMBA,4.0,1.0,3.0,5.1,5.5,5.3,5.5,5.7,5.9,6.1,-23.5748884,-46.5240488
10413,EMEF QUIRINO CARNEIRO RENNO,GUAIANASES,GUAIANASES,4.0,1.0,3.0,5.1,4.7,5.3,5.5,5.7,5.9,6.1,-23.5766073,-46.409769
94528,EMEF HENRIQUE GEISEL GENERAL,PIRITUBA,SAO DOMINGOS,4.0,1.0,3.0,5.1,4.9,5.3,5.5,5.7,5.9,6.1,-23.5043386,-46.7433611
93581,EMEF PLINIO DE QUEIROZ,SAO MATEUS,IGUATEMI,4.0,1.0,3.0,5.1,4.4,5.3,5.5,5.7,5.9,6.1,-23.6181007,-46.4171299
94030,EMEF ARTHUR ALVIM,PENHA,ARTUR ALVIM,4.0,1.0,3.0,5.1,5.1,5.3,5.5,5.7,5.9,6.1,-23.5459648,-46.4689542
93165,EMEF JOSE DIAS DA SILVEIRA DR,BUTANTA,ITAIM BIBI,4.0,1.0,3.0,5.1,5.1,5.3,5.5,5.7,5.9,6.1,-23.5837476,-46.6780743
94005,EMEF HUMBERTO DE CAMPOS,PENHA,VILA MATILDE,4.0,1.0,3.0,5.1,4.5,5.3,5.5,5.7,5.9,6.2,-23.5377214,-46.5256464
95559,EMEF CLAUDIO MANOEL DA COSTA,SAO MATEUS,SAO RAFAEL,4.0,1.0,3.0,5.1,4.9,5.3,5.5,5.7,5.9,6.2,-23.6292891,-46.4596566
11851,EMEF ANALIA FRANCO BASTOS,PENHA,BELEM,4.0,1.0,3.0,5.1,4.3,5.3,5.5,5.7,5.9,6.2,-23.5470833,-46.5911994
93971,EMEF 19 DE NOVEMBRO,PENHA,VILA MATILDE,4.0,1.0,3.0,5.1,4.0,5.3,5.5,5.7,5.9,6.2,-23.5377214,-46.5256464
19615,EMEF DIRCE GENESIO DOS SANTOS PROFA,SAO MATEUS,IGUATEMI,4.0,1.0,3.0,5.1,5.5,5.3,5.5,5.7,6.0,6.2,-23.6181007,-46.4171299
19465,EMEF EMEF AMELIA RODRIGUES DE OLIVEIRA,SANTO AMARO,PEDREIRA,4.0,1.0,3.0,5.1,4.3,5.3,5.5,5.7,6.0,6.2,-22.7411989,-46.8959302
19229,EMEF JOSUE DE CASTRO PROF,PIRITUBA,JAGUARA,4.0,1.0,3.0,5.1,4.8,5.3,5.5,5.7,6.0,6.2,-23.5140405,-46.745443
19507,EMEF EMEF FAVEIRA-DO-MATO,SAO MIGUEL,VILA JACUI,4.0,1.0,3.0,5.1,5.2,5.3,5.5,5.7,6.0,6.2,-23.5008776,-46.4545037
95231,EMEF MARINA VIEIRA DE CARVALHO MESQUITA,SANTO AMARO,JABAQUARA,4.0,1.0,3.0,5.1,4.3,5.3,5.5,5.7,6.0,6.2,-23.6396479,-46.6505173
19440,EMEF VILA SANTA MARIA,CAPELA DO SOCORRO,CIDADE DUTRA,4.0,1.0,3.0,5.1,5.1,5.3,5.5,5.8,6.0,6.2,-23.7116038,-46.7039001
19254,EMEF AYRTON OLIVEIRA SAMPAIO PROF,CAPELA DO SOCORRO,GRAJAU,4.0,1.0,3.0,5.1,5.1,5.3,5.5,5.8,6.0,6.2,-23.7721939,-46.6682948
19366,CEU EMEF SAPOPEMBA,SAO MATEUS,SAPOPEMBA,4.0,1.0,3.0,5.1,5.0,5.3,5.5,5.8,6.0,6.2,-23.5748884,-46.5240488
19408,EMEF PARQUE BOA ESPERANCA II,SAO MATEUS,IGUATEMI,4.0,1.0,3.0,5.1,5.5,5.3,5.5,5.8,6.0,6.2,-23.6181007,-46.4171299
19439,EMEF ALDINA ANALIA AGOSTINHA TADDEO CONDE PROFA,CAPELA DO SOCORRO,CIDADE DUTRA,4.0,1.0,3.0,5.1,4.5,5.3,5.5,5.8,6.0,6.2,-23.7116038,-46.7039001
93327,EMEF AFRANIO DE MELLO FRANCO DR,CAPELA DO SOCORRO,CIDADE DUTRA,4.0,1.0,3.0,5.1,4.7,5.4,5.6,5.8,6.0,6.2,-23.7116038,-46.7039001
94081,EMEF HENRIQUE PEGADO PROF,PENHA,CANGAIBA,4.0,1.0,3.0,5.2,4.8,5.4,5.6,5.8,6.0,6.2,-23.5050496,-46.5270936
93823,EMEF HENRIQUE FELIPE COSTA - HENRICAO,SAO MIGUEL,VILA CURUCA,4.0,1.0,3.0,5.2,5.0,5.4,5.6,5.8,6.0,6.2,-23.5097018,-46.4167385
19399,EMEF JANUARIO MANTELLI NETO DEPUTADO,PENHA,ERMELINO MATARAZZO,4.0,1.0,3.0,5.2,5.3,5.4,5.6,5.8,6.0,6.2,-23.4697051,-46.472079
19370,EMEF JARDIM MITSUTANI I,CAMPO LIMPO,CAMPO LIMPO,4.0,1.0,3.0,5.2,4.1,5.4,5.6,5.8,6.0,6.2,-23.6347959,-46.7549902
19458,EMEF EMEF MARIA APARECIDA RODRIGUES CINTRA,FREGUESIA/BRASILANDIA,FREGUESIA DO O,4.0,1.0,3.0,5.2,4.3,5.4,5.6,5.8,6.0,6.2,-23.5014967,-46.6977016
94684,EMEF MARCOS MELEGA,JACANA/TREMEMBE,MANDAQUI,4.0,1.0,3.0,5.2,5.0,5.4,5.6,5.8,6.0,6.2,-23.4820871,-46.6258906
19426,EMEF CDHU VILA CONCEICAO,SAO MIGUEL,VILA CURUCA,4.0,1.0,3.0,5.2,5.3,5.4,5.6,5.8,6.0,6.2,-23.5097018,-46.4167385
15423,EMEF PRESTES MAIA,SANTO AMARO,CIDADE ADEMAR,4.0,1.0,3.0,5.2,4.0,5.4,5.6,5.8,6.0,6.2,-23.6708586,-46.6566541
95397,EMEF MARLENE RONDELLI PROFA,IPIRANGA,SAO LUCAS,4.0,1.0,3.0,5.2,4.5,5.4,5.6,5.8,6.0,6.2,-23.5865182,-46.535209
99792,EMEF FORTE DOS REIS MAGOS,SAO MATEUS,SAO RAFAEL,4.0,1.0,3.0,5.2,4.1,5.4,5.6,5.8,6.0,6.2,-23.6292891,-46.4596566
95133,EMEF JOAO NAOKI SUMITA DR,ITAQUERA,ARICANDUVA,4.0,1.0,3.0,5.2,4.4,5.4,5.6,5.8,6.0,6.2,-23.5795193,-46.5110261
92851,EMEF EUCLYDES DE OLIVEIRA FIGUEIREDO GAL,BUTANTA,RIO PEQUENO,4.0,1.0,3.0,5.2,4.8,5.4,5.6,5.8,6.0,6.2,-23.5644876,-46.7539347
93700,EMEF RAUL PILLA,SAO MIGUEL,VILA JACUI,4.0,1.0,3.0,5.2,4.6,5.4,5.6,5.8,6.0,6.2,-23.5008776,-46.4545037
92941,EMEF EUCLIDES DA CUNHA,CAMPO LIMPO,CAPAO REDONDO,4.0,1.0,3.0,5.2,5.1,5.4,5.6,5.8,6.0,6.2,-23.6684611,-46.7689719
94099,EMEF JUAREZ TAVORA MARECHAL,PENHA,PONTE RASA,4.0,1.0,3.0,5.2,5.0,5.4,5.6,5.8,6.0,6.2,-23.5092737,-46.4952313
91804,EMEF PAULO NOGUEIRA FILHO,FREGUESIA/BRASILANDIA,CASA VERDE,4.0,1.0,3.0,5.2,5.0,5.4,5.6,5.8,6.0,6.2,-23.5109881,-46.6574419
99686,EMEF RICARDO VITIELLO,CAMPO LIMPO,CAPAO REDONDO,4.0,1.0,3.0,5.2,4.7,5.4,5.6,5.8,6.0,6.2,-23.6684611,-46.7689719
94935,EMEF FRANKLIN AUGUSTO DE MOURA CAMPOS PROF,JACANA/TREMEMBE,VILA MEDEIROS,4.0,1.0,3.0,5.2,5.7,5.4,5.6,5.8,6.0,6.2,-23.4892554,-46.5845224
95001,EMEF JOAQUIM NABUCO,IPIRANGA,SACOMA,4.0,1.0,3.0,5.2,5.1,5.4,5.6,5.8,6.0,6.2,-23.6149954,-46.5969541
93351,EMEF MILTON FERREIRA DE ALBUQUERQUE PROF,CAPELA DO SOCORRO,CIDADE DUTRA,4.0,1.0,3.0,5.2,4.6,5.4,5.6,5.8,6.0,6.2,-23.7116038,-46.7039001
93271,EMEF TIRADENTES ALFERES,SANTO AMARO,CIDADE ADEMAR,4.0,1.0,3.0,5.2,4.1,5.4,5.6,5.8,6.0,6.3,-23.6708586,-46.6566541
19436,EMEF GRANJA NOSSA SENHORA APARECIDA,CAPELA DO SOCORRO,CIDADE DUTRA,4.0,1.0,3.0,5.2,5.0,5.4,5.6,5.8,6.0,6.3,-23.7116038,-46.7039001
94013,EMEF JOSE BONIFACIO,PENHA,VILA MATILDE,4.0,1.0,3.0,5.2,5.0,5.4,5.6,5.8,6.0,6.3,-23.5377214,-46.5256464
94706,EMEF GASTAO MOUTINHO COMANDANTE,JACANA/TREMEMBE,MANDAQUI,4.0,1.0,3.0,5.2,4.2,5.4,5.6,5.8,6.0,6.3,-23.4820871,-46.6258906
19233,EMEF EDGARD CARONE,PIRITUBA,ANHANGUERA,4.0,1.0,3.0,5.2,5.6,5.4,5.6,5.8,6.1,6.3,-23.4378791,-46.7932803
94846,EMEF ALMIRANTE TAMANDARE,JACANA/TREMEMBE,VILA MARIA,4.0,1.0,3.0,5.2,5.0,5.4,5.6,5.8,6.1,6.3,-23.4378791,-46.7932803
19631,EMEF NILCE CRUZ FIGUEIREDO PROFA,JACANA/TREMEMBE,MANDAQUI,4.0,1.0,3.0,5.2,5.0,5.4,5.6,5.8,6.1,6.3,-23.4378791,-46.7932803
19445,EMEF ROGE FERREIRA DEPUTADO,PIRITUBA,JARAGUA,4.0,1.0,3.0,5.2,5.0,5.4,5.6,5.8,6.1,6.3,-23.4378791,-46.7932803
9326,EMEF VICTOR CIVITA,PIRITUBA,JARAGUA,4.0,1.0,3.0,5.2,4.3,5.4,5.6,5.8,6.1,6.3,-23.4378791,-46.7932803
93777,EMEF FERNANDO DE AZEVEDO PROF,SAO MIGUEL,VILA CURUCA,4.0,1.0,3.0,5.2,5.1,5.4,5.6,5.8,6.1,6.3,-23.4378791,-46.7932803
19569,EMEF ROBERTO PLINIO COLACIOPPO PROF,IPIRANGA,SACOMA,4.0,1.0,3.0,5.2,5.0,5.4,5.7,5.9,6.1,6.3,-23.4378791,-46.7932803
94820,EMEF JOAO DOMINGUES SAMPAIO,JACANA/TREMEMBE,VILA MARIA,4.0,1.0,3.0,5.3,5.3,5.5,5.7,5.9,6.1,6.3,-23.533439,-46.542302
19348,EMEF GIANFRANCESCO GUARNIERI,CAMPO LIMPO,CAPAO REDONDO,4.0,1.0,3.0,5.3,4.1,5.5,5.7,5.9,6.1,6.3,-23.5312745,-46.6771093
93866,EMEF RAIMUNDO CORREIA,SAO MIGUEL,JARDIM HELENA,4.0,1.0,3.0,5.3,4.7,5.5,5.7,5.9,6.1,6.3,-23.4094789,-46.8084496
94102,EMEF FRANCISCO MONT'ALVERNE FREI,PENHA,PONTE RASA,4.0,1.0,3.0,5.3,5.2,5.5,5.7,5.9,6.1,6.3,-23.4094789,-46.8084496
95125,EMEF BARTOLOMEU LOURENCO GUSMAO,ITAQUERA,CARRAO,4.0,1.0,3.0,5.3,4.3,5.5,5.7,5.9,6.1,6.3,-23.4094789,-46.8084496
19160,EMEF ILEUSA CAETANO DA SILVA PROFA,BUTANTA,RAPOSO TAVARES,4.0,1.0,3.0,5.3,4.7,5.5,5.7,5.9,6.1,6.3,-23.4094789,-46.8084496
10421,EMEF CYRO ALBUQUERQUE DEPUTADO,CAMPO LIMPO,CAPAO REDONDO,4.0,1.0,3.0,5.3,4.5,5.5,5.7,5.9,6.1,6.3,-23.4094789,-46.8084496
19247,EMEF TEREZINHA MOTA DE FIGUEIREDO,CAMPO LIMPO,CAPAO REDONDO,4.0,1.0,3.0,5.3,4.9,5.5,5.7,5.9,6.1,6.3,-23.4094789,-46.8084496
19360,CEU EMEF GUARAPIRANGA,CAMPO LIMPO,JARDIM ANGELA,4.0,1.0,3.0,5.3,4.5,5.5,5.7,5.9,6.1,6.3,-23.4094789,-46.8084496
93475,EMEF AYRES MARTINS TORRES,ITAQUERA,ITAQUERA,4.0,1.0,3.0,5.3,5.0,5.5,5.7,5.9,6.1,6.3,-23.4094789,-46.8084496
19449,EMEF CDHU ENCOSTA NORTE,SAO MIGUEL,ITAIM PAULISTA,4.0,1.0,3.0,5.3,4.8,5.5,5.7,5.9,6.1,6.3,-23.4094789,-46.8084496
95095,EMEF EMILIANO DI CAVALCANTI,PENHA,AGUA RASA,4.0,1.0,3.0,5.3,5.9,5.5,5.7,5.9,6.1,6.3,-23.5620059,-46.6971976
19419,EMEF ANA MARIA ALVES BENETTI PROFESSORA,SANTO AMARO,JABAQUARA,4.0,1.0,3.0,5.3,5.0,5.5,5.7,5.9,6.1,6.3,-23.4787683,-46.7483447
93840,EMEF NEWTON REIS GENERAL,SAO MIGUEL,VILA CURUCA,4.0,1.0,3.0,5.3,5.0,5.5,5.7,5.9,6.1,6.4,-23.4787683,-46.7483447
93980,EMEF FIRMINO TIBURCIO DA COSTA,PENHA,VILA MATILDE,4.0,1.0,3.0,5.3,4.9,5.5,5.7,5.9,6.1,6.4,-23.4787683,-46.7483447
95338,EMEF RUTH LOPES ANDRADE PROFA,IPIRANGA,VILA PRUDENTE,4.0,1.0,3.0,5.3,4.4,5.5,5.7,5.9,6.2,6.4,-23.4787683,-46.7483447
19463,EMEF EMEF ESTACAO JARAGUA,PIRITUBA,JARAGUA,4.0,1.0,3.0,5.3,4.5,5.5,5.7,6.0,6.2,6.4,-23.4787683,-46.7483447
94943,EMEF RODRIGUES ALVES,JACANA/TREMEMBE,TUCURUVI,4.0,1.0,3.0,5.3,4.7,5.5,5.8,6.0,6.2,6.4,-23.4787683,-46.7483447
92771,EMEF SOLANO TRINDADE,BUTANTA,RAPOSO TAVARES,4.0,1.0,3.0,5.3,5.3,5.5,5.8,6.0,6.2,6.4,-23.4787683,-46.7483447
99660,EMEF IMPERATRIZ DONA AMELIA,SAO MATEUS,SAO MATEUS,4.0,1.0,3.0,5.4,4.5,5.6,5.8,6.0,6.2,6.4,-23.4787683,-46.7483447
95281,EMEF NELSON PIMENTEL QUEIROZ PROF,SANTO AMARO,JABAQUARA,4.0,1.0,3.0,5.4,5.2,5.6,5.8,6.0,6.2,6.4,-23.5092731,-46.5039861
99121,EMEF DOMINGOS RUBINO PROF,SAO MATEUS,SAPOPEMBA,4.0,1.0,3.0,5.4,5.6,5.6,5.8,6.0,6.2,6.4,-23.5092731,-46.5039861
93190,EMEF CARLOS DE ANDRADE RIZZINI,SANTO AMARO,SANTO AMARO,4.0,1.0,3.0,5.4,5.3,5.6,5.8,6.0,6.2,6.4,-23.5092731,-46.5039861
99104,EMEF DEZOITO DO FORTE,CAMPO LIMPO,JARDIM ANGELA,4.0,1.0,3.0,5.4,4.9,5.6,5.8,6.0,6.2,6.4,-23.5092731,-46.5039861
93521,EMEF VINTE E CINCO DE JANEIRO,GUAIANASES,GUAIANASES,4.0,1.0,3.0,5.4,5.7,5.6,5.8,6.0,6.2,6.4,-23.5092731,-46.5039861
19418,EMEF ALEX MARTINS COSTA PROF MAESTRO,PENHA,PONTE RASA,4.0,1.0,3.0,5.4,5.7,5.6,5.8,6.0,6.2,6.4,-23.5092731,-46.5039861
93611,EMEF RIVADAVIA MARQUES JR.PROF,SAO MATEUS,SAO MATEUS,4.0,1.0,3.0,5.4,4.8,5.6,5.8,6.0,6.2,6.4,-23.5921723,-46.7752949
93009,EMEF LUIZ TENORIO DE BRITO CORONEL,CAMPO LIMPO,JARDIM SAO LUIS,4.0,1.0,3.0,5.4,5.4,5.6,5.8,6.0,6.2,6.4,-23.5921723,-46.7752949
15121,EMEF JOSE CARLOS DE FIGUEIREDO FERRAZ PROF,PENHA,ARTUR ALVIM,4.0,1.0,3.0,5.4,5.1,5.6,5.8,6.0,6.2,6.4,-23.5921723,-46.7752949
99228,EMEF JOAO PEDRO DE CARVALHO NETO DR,CAMPO LIMPO,CAPAO REDONDO,4.0,1.0,3.0,5.4,5.2,5.6,5.8,6.0,6.2,6.4,-23.5921723,-46.7752949
19398,EMEF AGUAS DE MARCO,ITAQUERA,JOSE BONIFACIO,4.0,1.0,3.0,5.4,5.5,5.6,5.8,6.0,6.2,6.4,-23.5921723,-46.7752949
94960,EMEF JOSE MARIA LISBOA,IPIRANGA,CURSINO,4.0,1.0,3.0,5.4,5.3,5.6,5.8,6.0,6.2,6.4,-23.5921723,-46.7752949
19314,EMEF PHILO GONCALVES DOS SANTOS PROFA,PIRITUBA,PERUS,4.0,1.0,3.0,5.4,5.3,5.6,5.8,6.0,6.2,6.4,-23.5921723,-46.7752949
15296,EMEF JOAO FRANZOLIN NETO PROF,PENHA,ERMELINO MATARAZZO,4.0,1.0,3.0,5.4,4.8,5.6,5.8,6.0,6.2,6.4,-23.5921723,-46.7752949
95460,EMEF EMILIO RIBAS,SAO MATEUS,SAPOPEMBA,4.0,1.0,3.0,5.4,5.0,5.6,5.8,6.0,6.2,6.4,-23.5921723,-46.7752949
16993,EMEF VICENTE AMATO SOBRINHO COMENDADOR,SAO MIGUEL,ITAIM PAULISTA,4.0,1.0,3.0,5.4,4.8,5.6,5.8,6.0,6.2,6.5,-23.5921723,-46.7752949
94773,EMEF OLIVA IRENE BAYERLEIN SILVA,JACANA/TREMEMBE,VILA GUILHERME,4.0,1.0,3.0,5.4,4.8,5.6,5.8,6.0,6.3,6.5,-23.5921723,-46.7752949
16501,EMEF FLORESTAN FERNANDES,CAPELA DO SOCORRO,CIDADE DUTRA,4.0,1.0,3.0,5.4,5.3,5.6,5.8,6.0,6.3,6.5,-23.5921723,-46.7752949
94617,EMEF FARIA LIMA BRIGADEIRO,IPIRANGA,LIBERDADE,4.0,1.0,3.0,5.5,4.9,5.6,5.9,6.1,6.3,6.5,-23.5921723,-46.7752949
92746,EMEF ALIPIO ANDRADA SERPA TENENTE,BUTANTA,RAPOSO TAVARES,4.0,1.0,3.0,5.5,4.4,5.7,5.9,6.1,6.3,6.5,-23.566608,-46.7586146
19430,EMEF CAMPO LIMPO III,CAMPO LIMPO,CAPAO REDONDO,4.0,1.0,3.0,5.5,4.9,5.7,5.9,6.1,6.3,6.5,-23.566608,-46.7586146
95583,EMEF GREGORIO WESTRUPP PADRE,SAO MATEUS,SAPOPEMBA,4.0,1.0,3.0,5.5,4.9,5.7,5.9,6.1,6.3,6.5,-23.566608,-46.7586146
281,EMEF VERA LUCIA FUSCO BORBA PROFA,CAMPO LIMPO,CAMPO LIMPO,4.0,1.0,3.0,5.5,5.2,5.7,5.9,6.1,6.3,6.5,-23.566608,-46.7586146
93629,EMEF AURELIO ARROBAS MARTINS PROF,ITAQUERA,PARQUE DO CARMO,4.0,1.0,3.0,5.5,5.7,5.7,5.9,6.1,6.3,6.5,-23.566608,-46.7586146
93408,EMEF PAULO SETUBAL,CAPELA DO SOCORRO,CIDADE DUTRA,4.0,1.0,3.0,5.5,4.8,5.7,5.9,6.1,6.3,6.5,-23.566608,-46.7586146
93688,EMEF PEDRO ALEIXO DR,SAO MIGUEL,VILA JACUI,4.0,1.0,3.0,5.5,4.7,5.7,5.9,6.1,6.3,6.6,-23.566608,-46.7586146
94901,EMEF EDSON RODRIGUES,JACANA/TREMEMBE,TUCURUVI,4.0,1.0,3.0,5.6,7.1,5.7,5.9,6.1,6.4,6.6,-23.566608,-46.7586146
19404,EMEF CAUCASICA,SAO MIGUEL,VILA JACUI,4.0,1.0,3.0,5.6,5.0,5.8,6.0,6.2,6.4,6.6,-23.6125439,-46.6067534
95389,EMEF AUREA RIBEIRO XAVIER LOPES PROFA,IPIRANGA,SAO LUCAS,4.0,1.0,3.0,5.6,5.5,5.8,6.0,6.2,6.4,6.6,-23.6125439,-46.6067534
94391,EMEF MARIO KOSEL FILHO,PIRITUBA,PIRITUBA,4.0,1.0,3.0,5.6,5.2,5.8,6.0,6.2,6.4,6.6,-23.6125439,-46.6067534
94421,EMEF LIBERATO BITTENCOURT GENERAL,PIRITUBA,PIRITUBA,4.0,1.0,3.0,5.6,4.9,5.8,6.0,6.2,6.4,6.6,-23.6125439,-46.6067534
892,EMEF HENRIQUE SOUZA FILHO HENFIL,SAO MATEUS,IGUATEMI,4.0,1.0,3.0,5.7,5.2,5.8,6.0,6.2,6.4,6.7,-23.6125439,-46.6067534
94561,EMEF EUCLIDES C SILVEIRA DESEMBARGADOR,PIRITUBA,SAO DOMINGOS,4.0,1.0,3.0,5.7,5.2,5.9,6.1,6.3,6.5,6.7,-23.6125439,-46.6067534
19215,EMEF REMO RINALDI NADDEO,PIRITUBA,ANHANGUERA,4.0,1.0,3.0,5.7,5.5,5.9,6.1,6.3,6.5,6.7,-23.6125439,-46.6067534
93459,EMEF EDUARDO PRADO,ITAQUERA,CIDADE LIDER,4.0,1.0,3.0,5.7,5.0,5.9,6.1,6.3,6.5,6.7,-23.6125439,-46.6067534
93131,EMEF MARIA ANTONIETA D'ALKIMIN BASTO PROFA,BUTANTA,ITAIM BIBI,4.0,1.0,3.0,5.7,5.6,5.9,6.1,6.3,6.5,6.7,-23.6125439,-46.6067534
418,EMEF JOAO DE SOUZA FERRAZ PROF,SANTO AMARO,CAMPO GRANDE,4.0,1.0,3.0,5.7,5.2,5.9,6.1,6.3,6.5,6.7,-23.6125439,-46.6067534
94480,EMEF JULIO DE OLIVEIRA,PIRITUBA,PERUS,4.0,1.0,3.0,5.7,5.3,5.9,6.1,6.3,6.5,6.7,-23.6125439,-46.6067534
99261,EMEF TEOFILO BENEDITO OTTONI,BUTANTA,RAPOSO TAVARES,4.0,1.0,3.0,5.7,5.5,5.9,6.1,6.3,6.5,6.7,-23.6125439,-46.6067534
93149,EMEF OLAVO PEZZOTTI PROF,BUTANTA,PINHEIROS,4.0,1.0,3.0,5.7,5.4,5.9,6.1,6.3,6.5,6.7,-23.6125439,-46.6067534
93289,EMEF PEREIRA CARNEIRO CONDE,SANTO AMARO,CAMPO GRANDE,4.0,1.0,3.0,5.7,5.4,5.9,6.1,6.3,6.5,6.7,-23.6125439,-46.6067534
299,EMEF ROBERTO PATRICIO PROF,FREGUESIA/BRASILANDIA,CACHOEIRINHA,4.0,1.0,3.0,5.7,5.2,5.9,6.1,6.3,6.5,6.7,-23.5006686,-46.6377536
95371,EMEF CLEOMENES CAMPOS,IPIRANGA,SAO LUCAS,4.0,1.0,3.0,5.8,5.4,5.9,6.1,6.3,6.5,6.7,-23.5006686,-46.6377536
19407,EMEF CASTOR,SAO MATEUS,SAO MATEUS,4.0,1.0,3.0,5.8,5.4,5.9,6.1,6.3,6.5,6.7,-23.5006686,-46.6377536
95541,EMEF OLIVAL COSTA,SAO MATEUS,SAPOPEMBA,4.0,1.0,3.0,5.8,4.8,6.0,6.2,6.4,6.6,6.8,-23.5006686,-46.6377536
93416,EMEF JOSE AMADEI ENGENHEIRO,CAPELA DO SOCORRO,CIDADE DUTRA,4.0,1.0,3.0,5.8,4.8,6.0,6.2,6.4,6.6,6.8,-23.6446888,-46.7211556
95419,EMEF MASCARENHAS DE MORAES MARECHAL,IPIRANGA,SAO LUCAS,4.0,1.0,3.0,5.8,5.4,6.0,6.2,6.4,6.6,6.8,-23.6446888,-46.7211556
95109,EMEF LEONOR MENDES DE BARROS,PENHA,AGUA RASA,4.0,1.0,3.0,5.8,4.7,6.0,6.2,6.4,6.6,6.8,-23.6446888,-46.7211556
95052,EMEF ANTONIO DE ALCANTARA MACHADO,IPIRANGA,SACOMA,4.0,1.0,3.0,5.8,5.7,6.0,6.2,6.4,6.6,6.8,-23.504338,-46.7521159
94587,EMEF GABRIEL SYLVESTRE T CARVALHO,PIRITUBA,SAO DOMINGOS,4.0,1.0,3.0,5.8,5.4,6.0,6.2,6.4,6.6,6.8,-23.504338,-46.7521159
19244,EMEF GIUSEPPE TAVOLARO PROF,SAO MATEUS,SAPOPEMBA,4.0,1.0,3.0,5.9,6.0,6.1,6.3,6.5,6.7,6.9,-23.504338,-46.7521159
93122,EMEF JOSE MARIA P DUARTE TENENTE,PIRITUBA,PERDIZES,4.0,1.0,3.0,5.9,5.7,6.1,6.3,6.5,6.7,6.9,-23.504338,-46.7521159
95087,EMEF SILVIO FLEMING MAJOR,PENHA,AGUA RASA,4.0,1.0,3.0,5.9,5.2,6.1,6.3,6.5,6.7,6.9,-23.504338,-46.7521159
95303,EMEF MANOEL DE PAIVA PADRE,IPIRANGA,VILA MARIANA,4.0,1.0,3.0,5.9,5.5,6.1,6.3,6.5,6.7,6.9,-23.504338,-46.7521159
95290,EMEF JOAO CARLOS DA SILVA BORGES PROF,IPIRANGA,MOEMA,4.0,1.0,3.0,6.2,5.3,6.4,6.5,6.7,6.9,7.1,-23.504338,-46.7521159
19396,EMEF SERAFIN MARTINEZ GUTIERREZ,PENHA,ARTUR ALVIM,4.0,1.0,3.0,6.5,5.2,6.6,6.8,7.0,7.2,7.3,-23.5865176,-46.5439638
94668,EMEFM DERVILLE ALLEGRETTI PROF,JACANA/TREMEMBE,SANTANA,4.0,2.0,4.0,3.8,4.1,4.1,4.4,4.7,5.1,5.4,-23.5865176,-46.5439638
19704,EMEF PRIMO PASCOLI MELARE PROF,FREGUESIA/BRASILANDIA,BRASILANDIA,4.0,2.0,4.0,4.0,4.2,4.2,4.5,4.7,5.0,5.2,-23.5865176,-46.5439638
17442,EMEFM ANTONIO SAMPAIO VEREADOR,JACANA/TREMEMBE,SANTANA,4.0,2.0,4.0,4.1,3.4,4.4,4.7,4.9,5.2,5.5,-23.5865176,-46.5439638
566,EMEF TERESA MARGARIDA DA SILVA E ORTA,CAMPO LIMPO,JARDIM ANGELA,4.0,2.0,4.0,4.2,4.3,4.5,4.7,5.0,5.2,5.5,-23.5865176,-46.5439638
93831,EMEF ANTONIA E ARTUR BEGBIE,SAO MIGUEL,VILA CURUCA,4.0,2.0,4.0,4.3,4.1,4.5,4.8,5.0,5.3,5.5,-23.5865176,-46.5439638
93939,EMEF SUD MENNUCCI,SAO MIGUEL,ITAIM PAULISTA,4.0,2.0,4.0,4.3,4.2,4.5,4.8,5.0,5.3,5.5,-23.5865176,-46.5439638
8834,EMEF IDEMIA DE GODOI PROFA,GUAIANASES,LAJEADO,4.0,2.0,4.0,4.4,3.7,4.6,4.8,5.1,5.3,5.5,-23.5865176,-46.5439638
19362,CEU EMEF VILA DO SOL,CAMPO LIMPO,JARDIM ANGELA,4.0,2.0,4.0,4.4,4.8,4.6,4.8,5.1,5.3,5.6,-23.6001136,-46.4983971
93378,EMEF MANOEL DE ABREU DR,CAPELA DO SOCORRO,GRAJAU,4.0,2.0,4.0,4.4,4.7,4.7,4.9,5.1,5.4,5.6,-23.6001136,-46.4983971
99139,EMEF VIRGILIO DE MELLO FRANCO,SAO MIGUEL,JARDIM HELENA,4.0,2.0,4.0,4.4,4.3,4.7,4.9,5.2,5.5,5.8,-23.6001136,-46.4983971
19391,CEU EMEF ALTO ALEGRE,SAO MATEUS,IGUATEMI,4.0,2.0,4.0,4.5,4.2,4.7,4.9,5.1,5.4,5.6,-23.6001136,-46.4983971
19257,EMEF ALDO DA TOFORI PADRE,SANTO AMARO,PEDREIRA,4.0,2.0,4.0,4.5,4.6,4.7,4.9,5.1,5.4,5.6,-23.6001136,-46.4983971
19265,CEU EMEF JAMBEIRO,GUAIANASES,LAJEADO,4.0,2.0,4.0,4.5,4.2,4.7,5.0,5.2,5.4,5.7,-23.6001136,-46.4983971
93815,EMEF ALEXANDRE DE GUSMAO,GUAIANASES,LAJEADO,4.0,2.0,4.0,4.5,4.4,4.8,5.0,5.2,5.4,5.6,-23.6001136,-46.4983971
93254,EMEF JOAO SUSSUMU HIRATA DEPUTADO,SANTO AMARO,PEDREIRA,4.0,2.0,4.0,4.6,4.1,4.8,5.0,5.3,5.5,5.8,-23.4929952,-46.4462898
94323,EMEF ELIAS DE SIQUEIRA CAVALCANTI DR,FREGUESIA/BRASILANDIA,FREGUESIA DO O,4.0,2.0,4.0,4.6,4.1,4.8,5.0,5.3,5.5,5.8,-23.4929952,-46.4462898
19274,EMEF CANDIDA DORA PINO PRETINI PROFA,SAO MATEUS,SAO RAFAEL,4.0,2.0,4.0,4.6,5.5,4.8,5.1,5.3,5.6,5.9,-23.4929952,-46.4462898
93092,EMEF FAGUNDES VARELLA,CAMPO LIMPO,CAMPO LIMPO,4.0,2.0,4.0,4.6,4.8,4.8,5.0,5.3,5.5,5.8,-23.4929952,-46.4462898
94072,EMEF WANY SALGADO ROCHA PROFA,PENHA,PONTE RASA,4.0,2.0,4.0,4.6,4.3,4.8,5.0,5.3,5.5,5.7,-23.4929952,-46.4462898
19428,EMEF CAMPO LIMPO I,CAMPO LIMPO,CAMPO LIMPO,4.0,2.0,4.0,4.6,4.7,4.8,5.0,5.2,5.5,5.7,-23.4929952,-46.4462898
92894,EMEF MARIO MARQUES OLIVEIRA PROF,CAMPO LIMPO,JARDIM ANGELA,4.0,2.0,4.0,4.6,4.3,4.8,5.1,5.3,5.5,5.7,-23.4929952,-46.4462898
92924,EMEF MARIO RANGEL CORONEL,CAMPO LIMPO,CAPAO REDONDO,4.0,2.0,4.0,4.7,5.0,4.9,5.1,5.4,5.6,5.9,-23.6292885,-46.4684114
97713,EMEF JOSE PEDRO LEITE CORDEIRO DR,SAO MIGUEL,ITAIM PAULISTA,4.0,2.0,4.0,4.7,5.3,4.9,5.1,5.4,5.6,5.8,-23.6292885,-46.4684114
93483,EMEF HAROLDO VELOSO BRIGADEIRO,ITAQUERA,ITAQUERA,4.0,2.0,4.0,4.7,4.5,4.9,5.1,5.3,5.5,5.7,-23.6292885,-46.4684114
92908,EMEF CLEMENTE PASTORE PROF,CAMPO LIMPO,JARDIM ANGELA,4.0,2.0,4.0,4.7,3.8,4.9,5.1,5.4,5.6,5.8,-23.6292885,-46.4684114
94595,EMEF SILVIO PORTUGAL DESEMBARGADOR,PIRITUBA,PIRITUBA,4.0,2.0,4.0,4.7,4.5,4.9,5.1,5.3,5.6,5.8,-23.6292885,-46.4684114
94170,EMEF PLINIO AYROSA,FREGUESIA/BRASILANDIA,FREGUESIA DO O,4.0,2.0,4.0,4.7,5.0,4.9,5.1,5.4,5.6,5.9,-23.6292885,-46.4684114
93637,EMEFM OSWALDO ARANHA BANDEIRA DE MELLO,GUAIANASES,CIDADE TIRADENTES,4.0,2.0,4.0,4.7,4.7,4.9,5.2,5.4,5.7,5.9,-23.6292885,-46.4684114
19640,EMEF JARDIM DA CONQUISTA II,SAO MATEUS,IGUATEMI,4.0,2.0,4.0,4.8,4.7,5.0,5.2,5.4,5.6,5.8,-23.6292885,-46.4684114
94439,EMEF LEOPOLDINA IMPERATRIZ,PIRITUBA,PIRITUBA,4.0,2.0,4.0,4.8,4.7,5.0,5.2,5.5,5.7,5.9,-23.6292885,-46.4684114
95401,EMEF PRUDENTE DE MORAIS PRESIDENTE,IPIRANGA,SAO LUCAS,4.0,2.0,4.0,4.8,5.1,5.0,5.2,5.5,5.7,5.9,-23.5853525,-46.5398646
9156,EMEF LUIS CARLOS PRESTES SENADOR,GUAIANASES,CIDADE TIRADENTES,4.0,2.0,4.0,4.8,0,5.0,5.2,5.5,5.7,5.9,-23.5853525,-46.5398646
92878,EMEF CAROLINA RENNO R OLIVEIRA PROFA,CAMPO LIMPO,JARDIM ANGELA,4.0,2.0,4.0,4.8,5.3,5.0,5.3,5.5,5.7,6.0,-23.5853525,-46.5398646
94234,EMEF THEO DUTRA,FREGUESIA/BRASILANDIA,BRASILANDIA,4.0,2.0,4.0,4.8,5.0,5.0,5.3,5.5,5.7,5.9,-23.5853525,-46.5398646
93017,EMEF ADHEMAR DE BARROS PREFEITO,CAMPO LIMPO,CAMPO LIMPO,4.0,2.0,4.0,4.8,4.9,5.1,5.3,5.5,5.8,6.0,-23.5853525,-46.5398646
10162,EMEF LORENCO MANOEL SPARAPAN,CAMPO LIMPO,JARDIM SAO LUIS,4.0,2.0,4.0,4.9,4.4,5.1,5.3,5.6,5.8,6.1,-23.5853525,-46.5398646
93751,EMEF PAULO ROLIM LOUREIRO DOM,SAO MIGUEL,SAO MIGUEL,4.0,2.0,4.0,4.9,4.6,5.1,5.3,5.6,5.8,6.0,-23.5853525,-46.5398646
19437,EMEF DIAS GOMES,GUAIANASES,LAJEADO,4.0,2.0,4.0,4.9,4.6,5.1,5.3,5.5,5.7,5.9,-23.5853525,-46.5398646
19308,EMEF HERMES FERREIRA DE SOUZA,CAMPO LIMPO,CAMPO LIMPO,4.0,2.0,4.0,4.9,5.0,5.1,5.3,5.5,5.7,5.9,-23.5853525,-46.5398646
94196,EMEF ERICO VERISSIMO,FREGUESIA/BRASILANDIA,FREGUESIA DO O,4.0,2.0,4.0,4.9,5.5,5.1,5.3,5.5,5.7,6.0,-23.5853525,-46.5398646
99112,EMEF PRACINHAS DA FEB,CAMPO LIMPO,JARDIM SAO LUIS,4.0,2.0,4.0,4.9,4.6,5.1,5.3,5.5,5.8,6.0,-23.5853525,-46.5398646
19363,CEU EMEF JARDIM PAULISTANO,FREGUESIA/BRASILANDIA,BRASILANDIA,4.0,2.0,4.0,4.9,4.3,5.1,5.3,5.5,5.7,5.9,-23.5853525,-46.5398646
19227,CEU EMEF CONCEICAO APARECIDA DE JESUS PROFA,ITAQUERA,ITAQUERA,4.0,2.0,4.0,4.9,4.0,5.1,5.3,5.5,5.8,6.0,-23.5853525,-46.5398646
19361,CEU EMEF CANTOS DO AMANHECER,CAMPO LIMPO,CAMPO LIMPO,4.0,2.0,4.0,4.9,4.6,5.1,5.3,5.5,5.8,6.0,-23.5853525,-46.5398646
92835,EMEF ESPIRIDIAO ROSAS MARECHAL,PIRITUBA,JAGUARE,4.0,2.0,4.0,4.9,4.6,5.1,5.4,5.6,5.9,6.2,-23.5853525,-46.5398646
93505,EMEF BENEDITO CALIXTO,ITAQUERA,JOSE BONIFACIO,4.0,2.0,4.0,4.9,4.4,5.1,5.3,5.5,5.7,6.0,-23.5853525,-46.5398646
93904,EMEF CAPISTRANO DE ABREU,SAO MIGUEL,JARDIM HELENA,4.0,2.0,4.0,4.9,4.9,5.1,5.3,5.6,5.8,6.1,-23.5853525,-46.5398646
94455,EMEF VICENTE DE PAULO DALE COUTINHO GENERAL,PIRITUBA,JARAGUA,4.0,2.0,4.0,4.9,4.2,5.1,5.4,5.6,5.8,6.1,-23.5853525,-46.5398646
95150,EMEF ROQUETTE PINTO,ITAQUERA,ARICANDUVA,4.0,2.0,4.0,4.9,4.6,5.1,5.3,5.5,5.7,6.0,-23.5853525,-46.5398646
19261,CEU EMEF PAULO GOMES CARDIM PROF DR,ITAQUERA,CIDADE LIDER,4.0,2.0,4.0,4.9,4.2,5.1,5.4,5.6,5.8,6.1,-23.5853525,-46.5398646
94056,EMEF JENNY GOMES DONA,PENHA,ARTUR ALVIM,4.0,2.0,4.0,4.9,4.1,5.2,5.4,5.6,5.8,6.0,-23.5853525,-46.5398646
10138,EMEF ELZA MAIA COSTA FREIRE PROFA,SANTO AMARO,CIDADE ADEMAR,4.0,2.0,4.0,4.9,4.1,5.2,5.4,5.6,5.8,6.1,-23.5853525,-46.5398646
93769,EMEF PEDRO DE FRONTIN ALMIRANTE,SAO MIGUEL,SAO MIGUEL,4.0,2.0,4.0,4.9,4.7,5.2,5.4,5.6,5.8,6.0,-23.6180065,-46.6406382
94536,EMEF JAIRO RAMOS,PIRITUBA,SAO DOMINGOS,4.0,2.0,4.0,5.0,4.8,5.2,5.4,5.6,5.8,6.0,-23.552133,-46.6351612
94251,EMEF SEBASTIAO NOGUEIRA DE LIMA DESEMBARGADOR,FREGUESIA/BRASILANDIA,BRASILANDIA,4.0,2.0,4.0,5.0,4.8,5.2,5.4,5.6,5.9,6.1,-23.6733029,-46.7272822
93050,EMEF SYNESIO ROCHA MINISTRO,CAMPO LIMPO,CAMPO LIMPO,4.0,2.0,4.0,5.0,4.2,5.2,5.4,5.6,5.8,6.0,-23.6733029,-46.7272822
95117,EMEF KENNEDY PRESIDENTE,ITAQUERA,VILA FORMOSA,4.0,2.0,4.0,5.0,4.7,5.2,5.4,5.6,5.9,6.1,-23.6733029,-46.7272822
19313,CEU EMEF MANOEL VIEIRA DE QUEIROZ FILHO,CAPELA DO SOCORRO,PARELHEIROS,4.0,2.0,4.0,5.0,4.6,5.2,5.4,5.6,5.8,6.1,-23.534023,-46.5760993
92762,EMEF JOAO XXIII,BUTANTA,RAPOSO TAVARES,4.0,2.0,4.0,5.0,4.8,5.2,5.4,5.6,5.8,6.1,-23.534023,-46.5760993
93343,EMEF OLEGARIO MARIANO,CAPELA DO SOCORRO,CIDADE DUTRA,4.0,2.0,4.0,5.0,4.4,5.2,5.4,5.6,5.9,6.1,-23.534023,-46.5760993
19333,CEU EMEF AGUA AZUL,GUAIANASES,CIDADE TIRADENTES,4.0,2.0,4.0,5.0,4.7,5.2,5.4,5.6,5.8,6.0,-23.4664897,-46.6322368
10154,EMEF MAURO FACCIO GONCALVES ZACARIA,CAMPO LIMPO,JARDIM SAO LUIS,4.0,2.0,4.0,5.0,5.8,5.2,5.4,5.7,5.9,6.1,-23.4664897,-46.6322368
94897,EMEF OCTAVIO PEREIRA LOPES,JACANA/TREMEMBE,JACANA,4.0,2.0,4.0,5.0,4.9,5.2,5.4,5.6,5.8,6.1,-23.4664897,-46.6322368
93572,EMEF COELHO NETO,SAO MATEUS,IGUATEMI,4.0,2.0,4.0,5.0,4.6,5.2,5.4,5.7,5.9,6.1,-23.4664897,-46.6322368
99791,EMEF PLINIO SALGADO,CAPELA DO SOCORRO,GRAJAU,4.0,2.0,4.0,5.0,5.3,5.2,5.4,5.6,5.9,6.1,-23.4664897,-46.6322368
93599,EMEF JOSE MARIA WHITAKER,SAO MATEUS,SAO MATEUS,4.0,2.0,4.0,5.0,4.8,5.2,5.4,5.6,5.9,6.1,-23.4664897,-46.6322368
94307,EMEF FREDERICO G SANTOS TENENTE AVIADOR,FREGUESIA/BRASILANDIA,CACHOEIRINHA,4.0,2.0,4.0,5.0,4.7,5.2,5.4,5.6,5.8,6.1,-23.4664897,-46.6322368
94927,EMEF MARIA HELENA FARIA LIMA PROFA,JACANA/TREMEMBE,VILA MEDEIROS,4.0,2.0,4.0,5.0,4.4,5.2,5.4,5.7,5.9,6.1,-23.4664897,-46.6322368
95346,EMEF QUEIROZ FILHO PROF,IPIRANGA,VILA PRUDENTE,4.0,2.0,4.0,5.0,5.0,5.3,5.5,5.8,6.0,6.3,-23.4736669,-46.6129028
94609,EMEFM ANTONIO ALVES VERISSIMO,PIRITUBA,JARAGUA,4.0,2.0,4.0,5.0,4.9,5.2,5.4,5.6,5.9,6.1,-23.4736669,-46.6129028
94111,EMEF LUIS WASHINGTON VITA,PENHA,PONTE RASA,4.0,2.0,4.0,5.0,3.9,5.2,5.5,5.7,5.9,6.1,-23.4736669,-46.6129028
93076,EMEF PAULO COLOMBO P QUEIROZ DESEMBARGADOR,CAMPO LIMPO,CAMPO LIMPO,4.0,2.0,4.0,5.0,4.8,5.3,5.5,5.7,5.9,6.2,-23.6344416,-46.7419816
93041,EMEF LEONARDO VILLAS BOAS,CAMPO LIMPO,CAMPO LIMPO,4.0,2.0,4.0,5.0,4.7,5.3,5.5,5.7,6.0,6.2,-23.6344416,-46.7419816
19276,CEU EMEF TRES LAGOS,CAPELA DO SOCORRO,GRAJAU,4.0,2.0,4.0,5.0,4.6,5.2,5.5,5.7,5.9,6.1,-23.6344416,-46.7419816
95435,EMEF ALTINO ARANTES,IPIRANGA,SAO LUCAS,4.0,2.0,4.0,5.1,4.7,5.3,5.5,5.7,5.9,6.1,-23.6344416,-46.7419816
94404,EMEF MONTEIRO LOBATO,PIRITUBA,PIRITUBA,4.0,2.0,4.0,5.1,4.5,5.3,5.6,5.8,6.1,6.3,-23.6344416,-46.7419816
93921,EMEF EZEQUIEL RAMOS JUNIOR,SAO MIGUEL,ITAIM PAULISTA,4.0,2.0,4.0,5.1,5.2,5.3,5.5,5.7,6.0,6.2,-23.6344416,-46.7419816
94358,EMEF ANGELINA MAFFEI VITA DONA,FREGUESIA/BRASILANDIA,CASA VERDE,4.0,2.0,4.0,5.1,4.2,5.3,5.5,5.7,6.0,6.2,-23.5102201,-46.4339979
99091,EMEF HIPOLITO JOSE DA COSTA,JACANA/TREMEMBE,TREMEMBE,4.0,2.0,4.0,5.1,4.4,5.3,5.5,5.8,6.0,6.2,-23.5102201,-46.4339979
93181,EMEFM LINNEU PRESTES PROF,SANTO AMARO,SANTO AMARO,4.0,2.0,4.0,5.1,4.3,5.3,5.5,5.8,6.0,6.2,-23.5102201,-46.4339979
94137,EMEF CECILIA MEIRELES,PENHA,CANGAIBA,4.0,2.0,4.0,5.1,4.8,5.3,5.5,5.7,5.9,6.1,-23.5102201,-46.4339979
19226,CEU EMEF MARIA CLARA MACHADO,SAO MIGUEL,ITAIM PAULISTA,4.0,2.0,4.0,5.1,4.9,5.3,5.5,5.7,5.9,6.1,-23.5102201,-46.4339979
19243,EMEF MARINA MELANDER COUTINHO PROFA,CAPELA DO SOCORRO,CIDADE DUTRA,4.0,2.0,4.0,5.1,4.6,5.3,5.6,5.8,6.1,6.3,-23.5102201,-46.4339979
92720,EMEF ARTUR WHITAKER DESEMBARGADOR,BUTANTA,VILA SONIA,4.0,2.0,4.0,5.1,4.2,5.3,5.5,5.7,5.9,6.2,-23.5102201,-46.4339979
93360,EMEF ELIZA RACHEL M SOUZA PROFA,CAPELA DO SOCORRO,GRAJAU,4.0,2.0,4.0,5.1,5.3,5.3,5.6,5.8,6.0,6.3,-23.5102201,-46.4339979
95214,EMEF BERNARDO O'HIGGINS,SANTO AMARO,CAMPO BELO,4.0,2.0,4.0,5.2,4.6,5.4,5.6,5.8,6.1,6.3,-23.5102201,-46.4339979
93785,EMEF JOAO RIBEIRO DE BARROS,GUAIANASES,LAJEADO,4.0,2.0,4.0,5.2,5.0,5.4,5.6,5.8,6.0,6.2,-23.5102201,-46.4339979
95273,EMEF CACILDA BECKER,SANTO AMARO,JABAQUARA,4.0,2.0,4.0,5.2,5.8,5.4,5.6,5.8,6.0,6.3,-23.5102201,-46.4339979
93963,EMEF JOAO PINHEIRO PRESIDENTE,PENHA,VILA MATILDE,4.0,2.0,4.0,5.2,5.3,5.4,5.6,5.9,6.1,6.3,-23.5102201,-46.4339979
93947,EMEF OTHELO FRANCO GENERAL,PENHA,TATUAPE,4.0,2.0,4.0,5.2,4.9,5.4,5.6,5.9,6.1,6.3,-23.5651062,-46.549602
19271,CEU EMEF PERA MARMELO,PIRITUBA,JARAGUA,4.0,2.0,4.0,5.2,4.8,5.4,5.6,5.8,6.1,6.3,-23.5651062,-46.549602
95265,EMEF ARMANDO ARRUDA PEREIRA,SANTO AMARO,JABAQUARA,4.0,2.0,4.0,5.2,4.8,5.4,5.6,5.8,6.0,6.2,-23.5150656,-46.6186012
18546,EMEF DAMIAO FREI,CAPELA DO SOCORRO,GRAJAU,4.0,2.0,4.0,5.3,5.0,5.5,5.7,5.9,6.1,6.4,-23.5150656,-46.6186012
93441,EMEF CARLOS CHAGAS,ITAQUERA,CIDADE LIDER,4.0,2.0,4.0,5.3,5.0,5.5,5.7,5.8,6.0,6.2,-23.5150656,-46.6186012
93696,EMEF EPITACIO PESSOA PRESIDENTE,SAO MIGUEL,VILA JACUI,4.0,2.0,4.0,5.3,4.9,5.5,5.7,5.9,6.1,6.3,-23.4994308,-46.4577652
95362,EMEF BARAO DE MAUA,PENHA,AGUA RASA,4.0,2.0,4.0,5.3,4.6,5.5,5.8,6.0,6.3,6.5,-23.4994308,-46.4577652
94153,EMEF ARTHUR AZEVEDO,PENHA,TATUAPE,4.0,2.0,4.0,5.3,5.3,5.5,5.7,5.9,6.1,6.4,-23.4994308,-46.4577652
19500,EMEF HERBERT DE SOUZA - BETINHO,CAMPO LIMPO,CAPAO REDONDO,4.0,2.0,4.0,5.3,4.4,5.5,5.8,6.0,6.2,6.5,-23.4994308,-46.4577652
18210,EMEFM DARCY RIBEIRO,SAO MIGUEL,SAO MIGUEL,4.0,2.0,4.0,5.4,4.9,5.5,5.7,5.9,6.2,6.4,-23.4994308,-46.4577652
93335,EMEF JOAO DE DEUS CARDOSO MELLO,CAPELA DO SOCORRO,CIDADE DUTRA,4.0,2.0,4.0,5.4,4.6,5.6,5.8,6.0,6.2,6.4,-23.4994308,-46.4577652
93033,EMEF MAURICIO SIMAO,CAMPO LIMPO,CAMPO LIMPO,4.0,2.0,4.0,5.4,5.5,5.6,5.8,6.0,6.3,6.5,-23.4994308,-46.4577652
94579,EMEF JOSE FERRAZ DE CAMPOS PROF,PIRITUBA,JAGUARA,4.0,2.0,4.0,5.4,4.9,5.6,5.8,6.0,6.2,6.4,-23.4994308,-46.4577652
93424,EMEF MIGUEL VIEIRA FERREIRA DR,CAPELA DO SOCORRO,CIDADE DUTRA,4.0,2.0,4.0,5.4,5.4,5.6,5.8,6.1,6.3,6.5,-23.4994308,-46.4577652
92916,EMEF ANTONIO ESTANISLAU AMARAL,CAMPO LIMPO,JARDIM ANGELA,4.0,2.0,4.0,5.4,4.6,5.6,5.8,6.0,6.3,6.5,-23.4994308,-46.4577652
99236,EMEF MODESTO SCAGLIUSI,CAMPO LIMPO,CAMPO LIMPO,4.0,2.0,4.0,5.4,4.8,5.7,5.9,6.1,6.3,6.6,-23.5299448,-46.7438377
94501,EMEF PAULO PRADO,PIRITUBA,ANHANGUERA,4.0,2.0,4.0,5.5,4.7,5.7,5.9,6.1,6.3,6.6,-23.5299448,-46.7438377
19278,CEU EMEF VILA CURUCA,SAO MIGUEL,VILA CURUCA,4.0,2.0,4.0,5.5,5.1,5.7,5.9,6.1,6.3,6.5,-23.5187,-46.5872
17272,EMEFM GUIOMAR CABRAL,PIRITUBA,PIRITUBA,4.0,2.0,4.0,5.5,6.0,5.7,5.9,6.1,6.3,6.5,-23.5187,-46.5872
95079,EMEF FABIO DA SILVA PRADO DR,PENHA,MOOCA,4.0,2.0,4.0,5.5,4.7,5.7,5.9,6.1,6.3,6.5,-23.5187,-46.5872
94765,EMEF MAXIMO DE MOURA SANTOS PROF,JACANA/TREMEMBE,SANTANA,4.0,2.0,4.0,5.6,5.8,5.8,6.0,6.2,6.4,6.6,-23.5187,-46.5872
302,EMEF HELIO FRANCO CHAVES CORONEL,JACANA/TREMEMBE,TREMEMBE,4.0,2.0,4.0,5.6,6.3,5.8,6.0,6.2,6.4,6.7,-23.5187,-46.5872
93912,EMEF CARLOS PASQUALE PROF,SAO MIGUEL,ITAIM PAULISTA,4.0,2.0,4.0,5.7,5.0,5.9,6.0,6.2,6.4,6.6,-23.5187,-46.5872
95311,EMEF JEAN MERMOZ,IPIRANGA,SAUDE,4.0,2.0,4.0,5.7,4.9,5.9,6.1,6.3,6.5,6.7,-23.5187,-46.5872
19365,CEU EMEF ROSANGELA RODRIGUES VIEIRA PROFA,PENHA,CANGAIBA,4.0,2.0,4.0,5.8,5.9,6.0,6.2,6.3,6.5,6.7,-23.583,-46.633
93670,EMEF AMADEU AMARAL,PENHA,PONTE RASA,4.0,2.0,4.0,5.8,5.5,6.0,6.2,6.4,6.6,6.8,-23.531894,-46.530691
95036,EMEF LEAO MACHADO PROF,IPIRANGA,SACOMA,4.0,2.0,4.0,5.9,5.3,6.0,6.2,6.4,6.6,6.8,-23.531894,-46.530691
19303,CEU EMEF CASA BLANCA,CAMPO LIMPO,JARDIM SAO LUIS,4.0,2.0,4.0,6.0,5.9,6.2,6.4,6.6,6.8,7.0,-23.531894,-46.530691
93319,EMEF ALMEIDA JUNIOR PROF,CAPELA DO SOCORRO,SOCORRO,5.0,1.0,5.0,5.2,4.9,5.4,5.6,5.9,6.1,6.3,-23.531894,-46.530691
94129,EMEF GUILHERME DE ALMEIDA,PENHA,CANGAIBA,5.0,1.0,5.0,5.2,4.7,5.4,5.6,5.8,6.0,6.2,-23.531894,-46.530691
94790,EMEF HELENA LOMBARDI BRAGA PROFA,JACANA/TREMEMBE,VILA GUILHERME,5.0,1.0,5.0,5.4,5.3,5.6,5.8,6.0,6.2,6.5,-23.531894,-46.530691
93301,EMEF HEITOR DE ANDRADE,CAPELA DO SOCORRO,SOCORRO,5.0,1.0,5.0,5.4,4.9,5.6,5.8,6.0,6.3,6.5,-23.531894,-46.530691
94749,EMEF MARTIN FRANCISCO RIBEIRO DE ANDRADA,JACANA/TREMEMBE,TUCURUVI,5.0,1.0,5.0,5.4,5.4,5.6,5.8,6.0,6.2,6.3,-22.749997,-43.3999984
94021,EMEF VISCONDE DE CAIRU,PENHA,VILA MATILDE,5.0,1.0,5.0,5.4,4.3,5.6,5.8,6.0,6.2,6.4,-22.749997,-43.3999984
92690,EMEF AMORIM LIMA DESEMBARGADOR,BUTANTA,BUTANTA,5.0,1.0,5.0,5.5,5.2,5.7,5.9,6.1,6.3,6.5,-22.749997,-43.3999984
92797,EMEF JULIO DE MESQUITA,BUTANTA,BUTANTA,5.0,1.0,5.0,5.5,5.1,5.7,5.9,6.1,6.3,6.5,-22.749997,-43.3999984
93220,EMEF ANTONIO CARLOS ABREU SODRE DR,SANTO AMARO,CAMPO GRANDE,5.0,1.0,5.0,5.7,5.2,5.8,6.0,6.2,6.5,6.7,-22.749997,-43.3999984
19263,CEU EMEF CIDADE DUTRA,CAPELA DO SOCORRO,CIDADE DUTRA,5.0,1.0,5.0,5.7,5.7,5.9,6.1,6.3,6.5,6.7,-23.5845193,-46.5819991
19397,EMEF GILMAR TACCOLA PROF,ITAQUERA,CARRAO,5.0,1.0,5.0,5.7,5.4,5.9,6.1,6.3,6.5,6.7,-23.5845193,-46.5819991
94552,EMEF AMADEU MENDES PROF,PIRITUBA,SAO DOMINGOS,5.0,1.0,5.0,5.7,5.5,5.9,6.1,6.3,6.5,6.7,-23.5845193,-46.5819991
95184,EMEF SERGIO MILLIET,ITAQUERA,ARICANDUVA,5.0,1.0,5.0,5.7,5.6,5.9,6.1,6.3,6.5,6.6,-23.5845193,-46.5819991
93203,EMEF LAERTE RAMOS CARVALHO PROF,SANTO AMARO,CAMPO GRANDE,5.0,1.0,5.0,6.0,5.7,6.2,6.4,6.5,6.7,6.9,-23.60000001,-46.74305557
93173,EMEF JOAQUIM CANDIDO A MARQUES DESEMBARGADOR,SANTO AMARO,SANTO AMARO,5.0,1.0,5.0,6.6,5.7,6.8,6.9,7.1,7.3,7.4,-23.60000001,-46.74305557
92711,EMEF DEODORO DA FONSECA MAL,BUTANTA,BUTANTA,5.0,2.0,6.0,5.5,5.0,5.7,5.8,6.0,6.2,6.4,-23.60000001,-46.74305557
93742,EMEF LUIS SAIA ARQUITETO,SAO MIGUEL,SAO MIGUEL,5.0,2.0,6.0,5.2,4.7,5.4,5.6,5.8,6.0,6.2,-23.60000001,-46.74305557
93955,EMEF JACKSON DE FIGUEIREDO,PENHA,TATUAPE,5.0,2.0,6.0,5.6,5.5,5.8,6.0,6.2,6.4,6.6,-23.60000001,-46.74305557